 -3156,  -620,   164,  1751,   484,  -449;
 -4204, -3928,  -596, -1620,   422,  7701;
 -3492, -6692,  -332, -1638,   589, -1572;
  8188,  -220,  1936,  -293,  -447,  -387;
 15236,    28,  1696,   246,    92,  1050;
  1116,  2148,  1048, -1605,  2897, -1382;
  4088, -1164,  6156,   586,  -354, -1606;
  -268,  1292, -2392, -2017,  2359,   665;
 -9444,   120,  -948,  1588,  -851,   -88;
  -384,   324,   372,  -183, -9375,  1336;
 -1272,  4068, -2972,   167,  2833,  2337;
  -432, -2984,  1544, -1769,  1117,  7730;
  5320, -4904,  5476,  2044,  -863,-10225;
  7272,  -212,  -728,   859, -1120,  -843;
 11452,  -896, -1084,   268,  -407,   567;
  3272,  1400, -3724, -1920,   487,  1027;
  3100,  -764, -3824,   300,  -345, -1849;
 -2920, -1036,  1192,   348,   440,   620;
  -256,   376,   144,  -195,   -71,  3078;
  9976, 11740, -2636,  -851,  1316,  4252;
 -1008, -6520,  3428,  2059, -1669, -6418;
  3948, -2184, -2008,  1605,  1240, -4262;
  8740, -1300,  1452,   117,   -90,   354;
  9744, -2224,  1424,  1630, -1572,  1032;
 -5684,  1260,  2480,  -869,  1103,   817;
 -2236,  1136, -2348,   603,  -220, -1039;
 -4104,  -704,  -492,   -21, -1230,   481;
-13684,   264,  -972,  -611,   452,  -428;
 -1448, -2204,  -452,  -928,  1489,   775;
  7108,  4128,   172, -1681,   891,  8405;
  1116, -2680,   260,  1338,   811, -1045;
  5712,  1248,   460, -2416,  1701, -1140;
  6612,  -256,   908,   374,  -133,   183;
   408,  -768,  -132,  1010,  -124, -1621;
  5836,   548, -1692,   206,   288, -1661;
 -6812,  -676,   828,   709,    37, -1008;
-10416,    96, -1380,  -603,   401, -1135;
 -2908, -1156,  1480,   333,  -111,   915;
 -1932,   576, -2228,   537,  -720,  3562;
   100,  2008,  -844, -1939,  1838,   583;
  9980, -2676,  7004,  -759,  1227, -2080;
  5516,  4556,  -136, -1322,   850, -1210;
  2880, -1552,  2816,  -152,   -56,   623;
  1340,  -636,   972,  2191, -2530,  1988;
 -3540, -1064,    60,   456,  1061,   -40;
-11736,  -820,   312,   591,  -434,   394;
 -5652,  -192,  -404,  -841,   320,  1452;
  9568,  -248,  2368,  -555,  -328,  4307;
 -4120, -1976, -1564, -1442,  -753,  1946;
 -4256,  2068, -1888,  2992, -2475, -3683;
  4392,   500,   368,  1459, -1885, -4631;
  4624, -1048,  1820,  -177, -1115,   254;
  4340, -1204,  2568,  -231,  -117,   837;
 -1680,  2004,  -380, -1053,   176, -1679;
 -7664,  -420, -1508,  -482,   252,  1247;
 -9612,    64,  -948,   -27,   -20,   198;
 -5528,  1228,  -944,  -518,  2176,   238;
  6592,   808,  3224,   318,    47,  5141;
 -4544, -7072, -1840,   521,    18, -9785;
  5108,   712,   928,   906,  -232, -1393;
  8808, -1440,   660,  -251,  -104,  2478;
   188,   -28,   316, -2714,  1971,  1191;
  2976,   976,   944,   -99,  -201,   246;
  4616,  1268, -3972,   634,    63,  -748;
 -6824, -3172,  -472,  1528,   215,  1110;
 -2872, -1260,  -136,  -379,    96,  3270;
  2040, -7172,  5112,  -434,  1105,  3329;
 -2148, -4364,  5580,   505,  -810,  4508;
 15504,  4288, -2276,  -112,  1898,-12454;
  6604, -1184,   200,  -261,   769, -4438;
  4420,   564, -1076,  1472, -1614,  -487;
  5496,  -936, -1604,   174,  -305, -1110;
 11208,  2576, -5756,  2009, -1943,  -803;
 -3868,   220,   -40, -1265,   423,   735;
 -3808,   104,  -104,   -38,  -177,   464;
-16824, -2972, -1712,   193, -3640,  1125;
-10032,   540, -4296, -1105,  1076,  1510;
  1132,  4808,  -672,   188, -1261,   446;
  9428,   504,  2256, -1762, -1732,  1909;
   784,   264,   -68,   174,    34, -1329;
  2876,  -416,  1380,  2177,  -623, -1215;
  2256,  1012, -1760,  -871,  -574,  -680;
  3596,  1208, -1240,   -10,   201, -2988;
 -9688, -1352,   688, -1118,   883,   772;
 -1880,  -992,  -268,  -834,     0,  6914;
 -5520, -6752,   840,  -645,   537,  3535;
 -7012,  -540, -1264,  1047,   349,   666;
  2280,   120,  3412, -1089,  -566,  -767;
  9108,    96,   456,   225,  -498,  -912;
  8448,  -304,   916,    10,   295,    40;
  8632,   980,  -500,  -397,    45,   388;
  1536,   984, -1884, -1534,  -312,   846;
   468,   152,  -404,  -217,   506,  -470;
  -312,  1284, -1744,   275,  -401,    41;
  -272,   100,  -140,  -350,   -27,  2640;
 -9308, -4272,   796,  -183, -1375,  1442;
  4540, -2744,  9644,  1042,   203,  -225;
 -3332,  -784, -2112,  -365, -2222, -2405;
  5932,   556,   560,   181,   -22, -2711;
 -1300,   872,  -700, -1537,  2191, -7063;
  3512, -1220,   592, -1512,  2179,  -743;
  6504, -1380, -4304,  1742, -2861,  -804;
-12144, -2736,  2440,   229,  -133,   264;
 -1808,   188,  -212,  -187,    75,  1564;
 -3484, -1384,   804,  1453,  -749,  1494;
 -7656, -3864,   428,   181,  -991,  1422;
   -64,  1696,  2508,  -238,   348,  -903;
  7752, -2476,   872,  1953,   349, -3882;
  8408,   520,  1704,   -24,  -444, -1282;
  2008,  -464,  2772,  -123,   107,   443;
 -5568,   380, -1240, -1124,  -755,   905;
  1500,   536,  -776, -1170,  1413,  -737;
  1528,   284,  -504,   212,  -108,   573;
-11384, -3304,  -280, -1807,  1253,  5536;
 -1420,   964, -3108,   162, -1873, -1615;
  -664, -7560,  2380,  -518,  3076,    98;
  1716,  2472,   180,   -99,  -164,   -63;
  3548,   -76,   836,   424,  -254, -4659;
   740,   192, -1012,  -746,   878,  -840;
-19140,   292,  3424,  2171,   300,   628;
  3788,   324,  -444,   377,   317,  -179;
 -7588,  -812,  -592,    33,   228,   -16;
 -8856,   -68,  -660,   236,    83,  -367;
 -8500, -2556, -1504,  -867,  -421,  2823;
 -3048,  3988,  -728, -1603,  -469,  3624;
   976,  4152, -1452,  -612,  -370,   596;
  6592, -3356,   856,  1523,  -734, -2826;
  3552,   588,   304,   918,  -156, -9622;
 -8340,  -552,  4208,  -310,  1036,  1219;
 -4064,  -300,  -104,  -938,  -841,  -823;
 -1916, -1256, -1492,   697, -1624,    59;
  -404,   840, -1900,   852, -1295,   -53;
 -3028,   -84,  -296,   -14,     6,   153;
 -9976,    76, -2592,    36,   157,   -20;
  9548,  5844,  1016,  -717,  -989,  3806;
 -4876,  -204, -3648, -1517,  -701, -6053;
 -1920,  -528,  -940,   750,  -130, -2349;
  -180,    32,  -288,    32,    34,    35;
  -416, -1180,  1004,  -359, -1011,  1582;
  2820,  -804,  4356,  1404, -1265,  -191;
 -4296, -1728,   520,  1533,  -678,  -919;
 -8836,  -116,   596, -2157,  -443,    49;
 -3928,  -100,  -456,     0,   -22,   106;
   916,  -892,  1032,  2613,  -320,   240;
  1412,  1808,  -708, -1397,  -302,  3787;
 -1848, -4756,  1448,   -48,  -934, -5087;
  3444,  1312,  2040,  -275, -1282,  -834;
  3464,     0,   136,    44,   -13,    73;
 -1016, -2332,  -676,   -35, -1111,  1558;
  3324,   644,  -464, -1711,  -488, -1220;
  1400,  -788,  -524,  -201,  -601,  -810;
 -8720, -1372,  2696,  1255,  -722, -1870;
 -6156,   -56,  -608,    19,  -138,  1408;
 -3728,  1640,  1556,  1797,   722,  1087;
 -1152, -3124,  2104,   477,    65,  5139;
  3380, -2348,  3904,   475,  1053, -3562;
  7936, -2524,  1604,  2118,  1053, -2057;
  2448,   196,  -232,   289,  -307,  -881;
  2096, -2000,  -248,   765,   123,  1094;
  4728,   768, -1432, -1529,  1033,   -58;
-12068,  1728, -2536,  -775,   763, -1148;
  2112,  -180,  -548,  -470,   -23,  -408;
-10508, -4584,   920,  -143,   -74,   419;
 -1644, -2716, -1560,   -55,   380,  4634;
  3648, -5596,   144,  2319, -1293, -2988;
  7232, -2240,  -472,  1115,   192, -3441;
  4092, -1316,   448,   534,  -499,   928;
  3472,   676,  -380,  1858,  -161,  -166;
  -696, -1380,  1868,   863,    48, -1902;
 -5240,  1644, -2464,  -736,   121,  -250;
 -7768,  2196, -2224,   324,   370, -1289;
  -152,   -72,    52,  -109,    91,    13;
 -7464,  1576, -3172,  -731,   499,   373;
  2680,  4324,    -4,   -36,   221,  6275;
  6608,  3888, -1548,   130,  -157,  -451;
  1232,  4936, -2684,  1912,   340, -5757;
  4580, -3260,  -496,  1716,  -367,-21646;
  5716,  3588,  -820,   633, -1072,  1009;
 -2092, -1584,  2592,   820,  -226,    31;
   344, -1224,     0,   873,  -318,  -979;
    40, -1484,   -24,   367,   607,   538;
 -6072,  -108,  -564, -1561,   826,   -42;
 -2516, -3768,  1316, -1130,   411,  1388;
 -7580,  2208,  2676,  -841,  1326,  3196;
-11096, -6476,  -180,   111,  -275, -2132;
    40,  1436, -1188,  -243,   575, -2317;
  8320, -2936, -1544,  3094,   722, -6013;
  2652,  -704,  1604,   171,   443,  2335;
  3648, -1372,  1572,  1877,  -755,   163;
  8936,  -420, -1848,  -752, -1661,  1029;
 -3868,  3032, -2680, -3905,  1937,  2523;
 -2844,  -216,  1396,  -706,  -424, -2099;
  -124,   104,  -176,  -626,   832,    25;
 -7308,  1724,  -512, -1475, -1922,   885;
-10260, -7176, -1244,  -465,  -299,  2958;
 -1556, -1244, -5672,  -500, -1912,  -280;
  2580,  1284, -4672,   840, -2641, -1999;
  9348,    40,   728,   854,  -832, -5647;
  2644,  -628,  1800,   615,  -101,  1341;
  3620,  2484, -4472,   623, -1467,  -853;
   -84,   388,  -568,  -469,   314,   673;
-19568, -3204, -1064,  1697,  -328,  1188;
-12512,  1856, -2416, -1080,    83,  3731;
 -7240,   -16, -3532, -1275,  -650,  1926;
 -1124, -1996, -2592,    76,  -689, -1840;
  8112,  1236,  1664,  -295,  1092,  1796;
  4696,   764,    92,   521,  -210, -1529;
 12472,     4,   384,  -369,   818,  1076;
 -3932,  1860,  1696,   626,   292,  1232;
  -772,   -52, -2380,  1133,   122,  1924;
  6856,  -472, -3636,  -492,   -13,  1249;
  2900,    52, -3360,  -187,  -915,  -331;
   240,   120,  -168,  -109,    18,  1718;
 -4080,  4328, -6332,  -926,   228,  3856;
 -1572, -1964,  3084,   941,  1005, -4630;
  6056,    88,   812,  -886,  1036,  1292;
  2768, -3924,   620,   961,   188,  -977;
   972,   360,  -120,   176,   -60,   207;
  8232, -2164, -1880,  1815, -1038,   567;
  7212,  -152,  3348,  -629,  -407,  1240;
  2816,   476,  -200,   735,  -652,  -853;
  1388,  1336,  -344,   221,  -764,    66;
 -8144,   468,  1180, -1174,   633,   278;
-10660, -1404, -3408,  1292,  1211,  -407;
 -2864, -5076,   920,  -361,  -878,  6868;
 -3472, -2688, -2192, -1706,   905,   330;
 -2476, -2040,  1436,  1289, -1665, -1791;
  7276, -1808,   184, -4492,   -76, 32617;
  -252,  -864,   -68,  2294,  -739,-27319;
 -4720,  -972,  3008,   599,   891,  1171;
 -6540,  1708,   120,  2138, -1940,    52;
  4300,  -208, -1288,  -679,   259,  1230;
  3376, -2236,  -736,  -452,  1212,   -69;
  2728,  1628, -2368,    -1,  -489,  -573;
  -364,   176,  -176,  -225,   -59,  2667;
 -6472,   580,  -832,    65,  -371,   372;
  3416,  3008,  -180,  1197,   581, -6595;
  5832,  1132,    80,  -610,   691,  -401;
 11428, -2212,   412,  -234,  -955, -2288;
  7004,   -88,  -608,    74,  -227, -1995;
  6104,   524,  -472, -1683,  1352,  1988;
  -160,   980, -5152,  -605,   181,  1654;
 -4392,  1772,   580,  1877, -1217,  2096;
-11480, -1248,  3588,  1589, -1006,  -867;
   -60,   944,  -148,  -700,    65,  5668;
 -7184, -2496,   -76,  -381,  1574,   329;
 -1548, -6048,  1360,   758,   228,  1103;
   808, -1204,  1304,  -627,   105, -3006;
  7568,   344,   116,   943,  -701, -4222;
  6348, -1104,  1184,  -280,    54,  -657;
 10252, -1956,  -700,  2974, -4132,   747;
  6452, -2744, -1364,  -775,  2206,  4391;
 -4740,   104,  1352,  1487, -1406,  -511;
 -7456, -1064, -3324,  -332,   310, -2390;
-12520, -4176,  -608,  -943,  1394,  1942;
 -2376,   776, -1368, -1098,   219,  2713;
 -2944, -2168,  -360,   506,   499,-10592;
  7376,  2348, -3936,  -878,   -45,   336;
  9296,  -528,  1168,   769,   -26, -3157;
 -8552,  -832,  1640,   -74,  1151,  2843;
  9708,  3324,  1744,  -653,  1154,  1930;
 -5576, -1352,  2520, -1051,  1519, -1226;
-11504, -3852,  2068,  -281,   487,  -460;
   -68,     4,  -212,    61,   110,    32;
-11068, -1180,  -520,    91,   414,   -10;
 -4380, -3040, -1832, -1628,  -698,  3979;
  8972,  3816, -2696,   283,  1565,   142;
  3388, -3104,  4680,  -205,   193,  2075;
  9300,   680,   672,   632,   101, -3283;
 10916,  2344, -1672,  -328,   704,   171;
  8976,   588, -3628,   243, -1279,  -847;
  4056,   700, -1804, -1752,  1008, -1620;
  2088, -2208,  1848,   620, -2250, -1040;
 -5740,   -24,  -668,    81,   -96,   870;
 -6192,  4844, -3852,   169,   999,   307;
   -96, -4008,  4320,  1747,  1109,   825;
  5684,  -948, -2104,  1204, -1116,  -659;
  6824, -1392,  4668,   435,   506,  -785;
  5688,  -236,   244,   248,    52,  -136;
  1320, -3536,   620,   877,    -1,   635;
  5004,  2572, -1156,  1275,  -917,  2238;
  -780,  -980, -2984,  -327,  2014,  2635;
 -4960, -1372, -4076,   -76,   822, -1682;
  -416,  -196,    12,   -50,    31,   306;
 -1544,  1076,  2572,   407,  -393,  1659;
   388,  1348,  2952,  -537,  1680,  2499;
 -7396, -4284, -1672,  1148,  1099, -3341;
  6192,  3424, -1488,   196,  -772,  2922;
  1452, -1004,   -60,   453,    64, -3399;
  2856, -1936,  1640,   231,  -585,  -676;
   816, -1380,  2432,  1078,   575,   666;
 -1044,  -416,   572,    42,    10,  -320;
  -292,  1516, -1840,   496, -1243,  -562;
 -7704,   -84, -1052,   -88,  -111,   588;
 -9504, -4620,-10072,  -647,  8242, -2424;
 -3868,   328,  1188,  -381,  -553,  7239;
 14308,  3888,  4012, -1031,   830,  1644;
  7948,  1144, -2072,   512, -1807,  2091;
  4052, -1188,   -64,  2355,  -577,-15634;
   -64,  -864,  -412,   614,  -623,  -440;
  3292,   -88,   432,  -887,   299,   507;
-11396,    72,  1204,   307,   398,   436;
 -7484,   116, -1168,  -215,   423, -2074;
-15176,  -580, -1660,   289,   -13,   777;
  -404,  1268,  2624,  -381,  1561,  1190;
 -1148,  2156,  1624,  -641,  1664,  3713;
  5764, -4700,   400,  1663,  1482,  -252;
  3360, -1216,    60,   486,   372, -1701;
 11916,  -124,   768,   568, -1007,   635;
  4152,   160,   240,    58, -1823,    52;
  4564,  -320,  -692,  1146,   114,  -273;
 -1092, -3792,  2924,  -572,  -106,   590;
-10532,  1632,  -656,   668,  -892,  -165;
-14232,   840,    -8,  -888, -1820,   319;
  1652,  3456,  2484, -1107,   918,  5620;
-15124, -8556,  -960, -2334,   454,  9598;
 19056,  6692,  -608,  -802,  -519,  4744;
  5652, -3696,   292,  2528,   255,-21841;
 -2076,   552,  -472, -1048,   -73,  -259;
  6504,   880,  1684,   401,   193,  1799;
 -2192, -3948,  1340,   -79,   127,  3847;
 -8924,  -820, -5796,  2708, -2990, -3486;
 -8948,  -744,  -936,  -921, -1464,  7262;
 -8920,  -132,   980,  -269,  -959,  1244;
  -712,  1404,   780,   720,    63,  1509;
  7452,   152,    48,   460,   536,   848;
  8416,   316,  1276,    98,   119, -1126;
  5156,    88,  1852,  -190,  -189,   762;
-10432,   332, -2152,  1702,  -709,  1803;
 -1576, -2156,  -324,  1206, -1413,  -355;
 -9156,  2360,  3880,  2663,  -906, -1540;
 -7428,   192,  -928,   566,  -289, -3475;
 -9088,   728,   968,  -120,  -630,   573;
 -2884,   712, -2472,  2312,  -931,  -712;
  8504,  3472, -2160,  -599,   946,  5231;
 10240, -1024,  -556,    -3, -1691,  2069;
  9888,  -968,  1592,  1182,   -30, -3613;
  3744,   760,  1316,  1125,  -851,   223;
  7732,  -240, -2432,  -107,    58, -4378;
  2644,  2076, -1380,  -374,   318,  -322;
 -5160, -2308,  4872,  2256, -1390, -1729;
 -8760,  -660,  -948,  -427,   808,   917;
-10880, -3676,  1716,  -532,   -27,  1175;
 -1632,   440,  -376,  -347,  2027,  2556;
 -1504, -2116,  2880,   154,  -274,  3020;
  7952,   664,  3540,   679,  -722,   264;
  3916, -2404,   408,  1480,   -51,-11160;
  4784,   684, -2772,   155,   389,  1349;
 -5472, -2056,  4352,   562, -1182,  2396;
    40,   376,   956,   481, -1132, -1831;
  1848,  1744, -1744, -1936,  1949,  -253;
-15004,   -56,  -416,   217,  -591,  -202;
-14520,  -600, -2076,   790, -1035,  2518;
 -7176,  1456, -5528,  -406,  -644,  3163;
 -6432, -5604,   632,   564,  -950, -2140;
  3512,  -304,  -376,   959,  -694,  -375;
  3824,   468,  -796,   193,  -619,  -307;
  2268,    32,   268,  -963,   582,   339;
 16148,  -328,   404, -1721,   507, -2243;
   836,  -704,  1764,  -320,  -190,  -611;
  1608,   588,   924,   898,   218,  -764;
 -8584,  -184, -1284,   784,   115,   379;
-10464,  1348, -2284, -2191,  -481,  1917;
-10084, -5472,  1168,  1478,  -875,  2698;
  7096,  2964,  -992, -1717,  -350,  6778;
  4240,  1484, -1232,  1132,  -636,  -191;
 11728,   -48,  1640,   175,   325,  -572;
  4416,  -196,  -776,  -117,  -363, -4253;
  1580,  -952,  1380,   401,   851,   202;
 -4488,   572,   196,   734,   380, -1295;
 -2936,    52,  2612,  -560, -1920, -1013;
-13360,   176,   180,   902,  1177,  -381;
-11424,  1276, -2544,  -553,  3812,  1576;
 -2640,  -652,  4360, -1494,  1986,  4116;
  1620,  2404,  1488,  -650,   -45,  -281;
 10676,  3080,  1516, -1000,   418,  2162;
  5464,  -992, -1776,   413, -1129, -2045;
  8640,  -352,  1228,   651,   -29, -6344;
  1496, -2320,  1996,  2754, -1606,  1478;
 -1820, -1036,   200,   540, -2209,  1705;
 -7452,  -332,  2228,  1104, -1694,   113;
-10376,  -600, -2156,  1914,  -783, -3078;
 -1888,   952,   240,  -634,-12041,  5170;
 -7904,  2056, -2132,   515,  -914,  3153;
  1232,  5552, -1300, -1448,  -162,  8362;
  6844, -1360,  2112,  1158,   156,  -982;
  6176,  -696,   460,  -393,  -592, -1690;
 13456,  -512,  1724,   294,  -240, -8465;
  3400,   744,   400,  1817,  -709,   314;
 -3012,  -896,  2196,   854,  -344,  2607;
 -6392,  1508,   636,  -346,   446,  1260;
-15124, -1572, -1264,   149,   698,  -363;
-19128,  2400, -2588,   294, -1334, -2518;
 -6436,    52,  -260,   292,  -304,  1469;
  2668, -1984, -1956,  1049,  -510,  3567;
  6916,  2540, -2016,   -74,  -309, -2457;
  7292,  -264,   676,   313, -1213,   974;
  8788,  2048,  -144,   613,   223, -4448;
  6984,   220,   792, -2264,  1238, -1616;
  4988, -1420, -3708, -1415,   752, -2281;
 -5696, -3944,  2776,  1135,   127, -1189;
-10312,   608,   260,  1843,   985,   182;
-17424, -1860, -4576,  -904,  1389,  1644;
 -6388, -5588, -3372,  2964,   610,  -779;
  8104,  9856,  -104, -2542,   268,  6975;
   840,    56,    40, -1723,  1870,  1240;
  8392, -1260,  1528,   794,   395, -2531;
  4688,   540, -1164,  1561,   130, -9323;
 -3252,   512, -1140,   667,   949, -1927;
  1852, -1504,   320,  -546,   299, -2957;
 -1560, -2448,  -756,  1206,   755,  -231;
 -1552,   276,  -588,  -512,   204,  -112;
 -6632,  -528, -3232,   298,  3256,   326;
-11048, -9444,  1120,   687,  -719,  1261;
  1792, -6444,  5388,  1059,   365, -2892;
  7828,   328,  3776,  -440,  1746,  -876;
  2632,   -28,   248,  1312,   366, -9602;
  7048,  2444, -7644, -1800,  -267,  1208;
 -1052, -2216,  2488,   718, -1234,  1916;
-10540,   -52, -3844,   509,   149,    98;
 -7740,  1032, -1432,  -669, -3119, -1596;
 -1788,  1104, -1988, -1347, -1797, 16901;
 -8860,  -408, -1220, -1985,  1616,  1152;
  -488,  7064,  -236,  -807,  -935,   -85;
  3908,  2024,   568, -1424,  1909, -1544;
  5856, -3232,   312,  1023,  -523, -3024;
 -5532, 10320,   -92,   593,  1013,   642;
 12744, -1428,  6128,   498,   566,  1603;
  -600, -1020,  1044,   504, -1143, -1486;
 -1668,  1708, -4600,   -49,   863, -1652;
-11336, -1160,  -604,  2085,  -232,   171;
-20336, -1104, -6184,  -537,  3359,  -748;
  4248,  9732, -1780,   169, -1025,  3912;
  2832,  2604,  2292, -1982,  1730,  4637;
  5484, -2788,  1364,   869, -1349, -3200;
  8460,   524,   324,   408,    94, -1391;
  4940,   912,  1196,  1389,  -576,   292;
 -4232,  1944, -4600, -2115,  1459, -3038;
   836, -1808,   996,  1766, -1009, -1150;
 -5364,  1376, -3924,   102,   366,  1260;
 -2536,  -844,   -68,  -444,  -877,  5642;
-15044,-12088, -8072,  2694,  8072, -1784;
  3248, 10116,  -288,  -163,  -589, -3427;
  2836,  -296,   984,  -929,   965,   145;
  7756,  4704, -1504, -1026,  1666, -3336;
  3316,  -332,  -960,    14,  1691,   521;
   720, -1244,  2188,  1452, -1026, -1899;
 -1732,  1928, -2640, -2589,  1997, -1617;
 -3580, -1104,  -336,  1999, -1656, -1129;
   944,   412, -1588,  -527,   806,   -72;
-31668, -5304, -5088,  2175,  4266, -5606;
  3184,  9780, -3632,   781,  -923,  1715;
  3988, -8280,  -308,  2584,   461, -1278;
  9092,  5076,  -864,   940,   -65, -2697;
  7924, -1760,  1100,   933,   229, -2851;
  4272,  -792, -2104,  1070,   -54,  1304;
 -6088,  1364,  -152,  1981,   348, -2913;
 -3172,  -136,  -796,  -951,   543,  -576;
 -9704, -3704,  2852,  1703, -1271, -1801;
   120,   208,  1676,  -366, -1787,  3640;
 -6352, -1948,   408,   321,  3251,  2487;
  1748, -1512,  1388, -1418,  -162,  2740;
  6508,  2640,  3532, -1000,   213, -2088;
  5568,  5580, -1812,  1886,   466, -1867;
  8116,   536,   560,   101,  -408,   243;
  2712,  1484, -3492,  -805,  1206,  2437;
  8572,  1164,   220,  -852,   -77,  2683;
  3064,   600, -3008, -3166,  -199,   793;
 -9764,  -760,  -976,  -344,  -310, -1834;
-23132, -2100, -6124,   451,  2088,  1054;
  -448,  6220,  1360, -1054,   163,  5526;
  3860,  6136,  3808,   568,   371, -1899;
  4656,  -388, -3444,  -390, -1619,  -522;
  7696,    12,   564,    63,    95,  -591;
  6644, -1836,  3332,   304,  -735,   812;
  3312, -3780,  4976,   694,   549, -1249;
-10608,  2016, -1572,  1651, -2317, -1620;
  3592,   -48, -1556,  -406,  -485,  -956;
 -1876,  -624,  -132,  -153,  -359,  2285;
 -6952, -3108,   556,  -317,  4835,  4429;
  2584,  6392,  -572, -2221,  -355,  3864;
  4212, -1756,  3228, -1111,   402, -1814;
 10328,  -624,  2344,   335,   760, -2898;
  4288,  1408,   928,   894, -1068, -1349;
 -3108,   -64,  2284,  1595,  -588, -2816;
  6824,  1368, -3092,  -133,   454, -1446;
  4044,   352, -3168, -1729,  1400,  -247;
 -6144,   312,  -856,  -213,   254, -1064;
-12756,  3444,  -956, -1184,   976,  2779;
 -2356, -5736,  1020,  1464,    55,  3552;
 -6740, -4656, -2164, -1636,  1057,    97;
  1640, -2272,  1676,  1791, -1092, -2461;
 18272,  -340,  1292,  1605,  -635,-16461;
  8816,   644,  -372,  -809,  -800, -1756;
 -3292,   976, -2980,  -421,   -74, -1567;
-11164,  1388, -3524,  1303,  -578,  -431;
 -7392,  -496,  -840,   100,   418,    56;
 -5808,  6928, -3584, -1236,  3141,  7211;
 -2604,  6260, -2288,  -664,  -196,  3168;
 -1176,-10288, -1236,  1724,  -734, -4317;
  5724, -3164,  1476,  1135,  -847, -4099;
 14124,   492,  1364,   406,   416,-13100;
  8104,   -20, -1564, -1683,  1278,  1427;
 -5112,  -196,  1632,  1218, -1337,   766;
 -5608,   524, -4520,  -859,  1306,  1532;
 -7476,  -796, -2244,  -223,  -250,  -752;
-20928,  1140, -6608,  1006,  -949,   734;
 -6436, -5744, -1068,  -258,   924,  2349;
  5408, 10116, -5632,  -469,  -326,   357;
  6516,   196, -4520,   278, -2636, -1597;
  7720,  -500,   544,   280,   -66, -2202;
  8364,  1644,   272,  1334,  -514,  -575;
  2624,   348, -3752,   351,   101, -2284;
 -9132, -1148,  2532,  2536, -1673,  -536;
 -9136, -1080,   828,  1504,   527,  -851;
 -1392,   -28,  -140,  -231,   -48,  4159;
 -8424,   996, -2864, -2141,  2784,  2362;
 -3428,  3552,  2156,  -711,   394,  2209;
  7184, -4620,  2840,   355,    88,   335;
 10004,  2204, -3752,   725, -1562, -5650;
  7172, -4536,  1084,   631,  1095,-10211;
 10868,   900, -1680,  1426, -2300,   700;
  9300, -1880,  4048,   515, -1312, -1408;
 -2680, -1096,  1452,   535,  -344, -1268;
-15436,   304, -2200, -1070,  2320,   278;
-21908, -3404,   768,  2595, -1605,  -478;
 -2504,  1328,  3728,  1340,   698,  2765;
  1684,  -124, -2448, -2236,  2010,  5618;
  8056, -9336,  1236,  -187,   851, -1718;
  3488, -1708,   364,   743, -3046, -2661;
  6360, -1724,  1628,  1359, -2035, -1688;
  -312, -2132,  3332,  3430, -1935,  -498;
 -4420, -2244,  1076,   931, -2692,  -375;
-12852,   -52, -1584,   107,     7,   921;
 -5056,  1688, -3912,   651,  -438,  -218;
  3760,  3724, -3344, -1245,  1215,  5422;
  2336, -8348,  -172,   558,  -428,   748;
  8708, -1364,  -544,  -978, -1633,   115;
  9060,   856,  -200,   868,   574, -3113;
 -3232,   -40,   980,  1025,  -389, -3578;
 -4768, -1728,  2472,  3447, -2124,  -764;
 -2812, -1920, -3004,  -313,   624,  -931;
  -296,    64,  -108,     2,   -19,    79;
-12788,  1612, -5428, -1130,  2385,  -379;
  1544,  7476,   512,  1784,  -225,  1369;
  5320,  2356,  -980,  -369,  -225, -1032;
  2932,   752,  -996,   -25,  -553,  -728;
  1688,  -984,   180,  -126,   934, -2318;
  5336, -1324,  4944,   271,   520,  1017;
  6744,   640, -5800, -1913,   679,    57;
  -736,    84, -6496, -1429,   -41, -1817;
 -2812,   960, -1276,  -292,  -293, -1162;
 -6536,  1132, -1112,   257,  3962,  -748;
 -9696, -3984,   -96,   491,    53,  3243;
   968,  1488, -5128, -1108,   455, -1177;
  5840,  2936,   620,  -171,   290,   -34;
  1328,  5868,   124,  1102,  -723, -2361;
  9364,   436, -1296,  -915,  1276,   891;
  9208,  -680, -2628, -1600,  1091,   366;
 -6448,  -796,  3288,   762,   443,    56;
-10420,  3356, -2044, -2135,  1383, -2915;
-11408,  -772,  -952,  -764, -9184,  6146;
 -4252, -8392,  2328,  1662, -1356,  1020;
 -6052, -3988,  2624,  1301,  2700, -3454;
 -4988, -9364,  4764,  -250,  -135, -5853;
  6248,   396,  -200,   829,  -806, -5812;
  8072,   992,   280,  1267,  -574,  -660;
  -628,  -468,  1840,  2142, -3292,  1047;
 -7544,  3716,  1792,  1044, -1397,  -599;
  6500,  1800, -4388, -3664,   806,   331;
 -9920, -2084,   188,     7,     9,   288;
-21556, -1128, -5104,  1681, -3960, -1534;
  1184,  4000, -3216,  -208, -1417,  5380;
 -3124, -8200,  2096,   286,  -142,  -580;
  2696,   464, -2536,  -509,   608, -1438;
  5420,   508,  -136,   158,  -463, -1014;
  1504,    96,   652,  1336,  -599,   205;
 12140,  3176,  -628,    15,   -81, -1107;
  5272,  2400, -1248,  -754,   683, -1090;
 -2780, -3964,  6780,  2328, -1401,  1142;
 -6652,   -16,  -884,    72,   -66,   262;
 -5852,  1076, 12688,  -328,   669,  -200;
 -6160, -1676, -1256,  1226,  -799,  3136;
  1552,  3112, -2080,   555,  -589, -1352;
  7712,  2928, -1416,   524,  -454,   171;
  1928,   620,  -700,  2652, -1963,  1019;
 -1084,  -416,  -844,  1916,  -857, -2555;
  2560,    16,  1392,  -734,   908, -2437;
 -4612, -2176,  2348,  1334,  -723,  1636;
 -7580,  -484,  -492,   754,   215,   843;
 -2872,  1256, -2256, -1796,  1937,  3444;
 -6556, -3408, -3152,  -525, -1567,  2158;
 -4780, -3740,  3340,  -217,   336,   433;
  5216, -2296,  1176,   796,   357,  1674;
  6312,   392,   276,   894,  -263, -8267;
 10136,  -816,   972,  1464, -1457, -2278;
   312,   952,  1804, -1246,  1008, -1911;
 -4660,  2580, -3020,  -825,   617,  -610;
-12132,  -320,  -252,  1667,    58,   552;
-11692, -1240, -2280, -3308,  -684,  3153;
  3076,  5944, -1516, -1725,   -46,  5740;
 -9636, -7032,  2276,  1371,   252, -3597;
  4504,  1816,   -16,   317,  -461,   109;
  4312, -1016,   152,  1951, -1426, -1372;
 17200, -3004,   792,   658, -1228, -2829;
-10608, -1752,  3328,  1337,   817,   -46;
-13636, -1448,  3996,  2234, -1825, -1220;
  1816,  -712, -3612,   294,    94,   332;
 -8552,  -268, -3108,   -59,   491, -1153;
-15632, -1344, -3696,    -9, -5102,  1059;
 -4196,  3404,  1792,   805,  4331,  1013;
 -1352, -2084, -2564,  -381,   245, -2307;
  4260,  1060, -1296,    70,   156,  -547;
  6496,  -128,   412,    39,   -72,  -494;
  -452,  1748,   464,  -678,   981,  1264;
 -2332, -3036,  -192,  2967, -2177,  2169;
   312,  -548,  -232,   -30,   263,  -415;
 -5144,    80,   508,   596,  -244,  -430;
 -9888,   312, -1156,   -20,   712,  -229;
 -8656,   976,    12,  -261,  1849,  3201;
 -6472,   352,  1004,   114,   869,  3515;
  1216,  7192, -4360,   145,  -795,  1892;
  1952,  -444, -2248,   772,    89, -1407;
  6000,  -448,   400,   271,    69, -1154;
  4632,  -336,  -256,   214,  -209, -3097;
  3892, -2836,  3716,  -446,  -744,  1494;
   800,   832,  2144,   559,   801,  -841;
 -7032, -2120,  -304,     3,   575,  -858;
   -80,   -52,   -96,    41,  -148,   133;
 -9952,    76, -3020, -1791,  1512,  1730;
 -4336, -2828, -5852,   -82,  2292,  2359;
  9124,  7648,  -524,   280, -1130, -1762;
  7860,  5048, -1728,  -233,  -276,  1412;
  1524,  -976,    56,   599,   192, -4293;
  7016,  -300,   160,  -391,  -541,  1192;
 -5364,  1860, -1384,  -501,   341, -1349;
 -1668,  1204,   580,   629,  -394,   284;
 -7936, -1508,  -760,  -238, -2785, -2317;
 -2104,   632,   980,  -296, -5182,  3095;
 -3844,  1952,  -548, -2081,  -933,  1361;
 -6424, -3948, -4180,  1117,  2905,   463;
  3524,  2628,  3528,   -65,    88, -1156;
  6932,   356,  -236,  -563,   370,   776;
  9048,  -668,  -104,  -129,  -462,    -8;
  9408,  -384, -1156,  -465,   821,  -933;
-17792,  -200,  -472,  3512,  -975,   302;
  4388,   340, -2184,  -302, -1105, -1543;
 -5856,   248,  -684,     1,  -157,   178;
 -1584, -1436,  2096,  1535,  3646,    94;
  2028,    36, -1080, -1325,   -28,  2358;
  2632, -3268,   -84,  -250,  -612,  1191;
  4672,  -396,  -220,    53,  -360,   455;
 -2636,  3172,   524,   754,  -307, -2637;
  7912, -1364,   752,  2133, -1667,  -692;
   -80, -1336, -2912,   990,   533,   554;
  1380,  -460,  1916,   412,   110, -2026;
 -7544,   -68, -1264,  -166,   140, -1441;
 -4552, -4052,  2684, -1717,   327,   975;
 -1440,  1068,   388,  -470,   240,  1955;
 -2132, -4012,   340,  -860, -1163,   462;
  5908, -2152,  1900,   967,  -381,   879;
  5184,   144,   360,   285,     9, -2590;
  9572,  -116,   832,   707,  -866,   797;
   436,  -744,  2660,  1807, -1060, -1386;
 -2068,  -160,  1264,  1898, -1370,   350;
  4412, -2004, -1284,  1861,   715,   603;
 -8544,  -880, -1600,  1794,  2998,   713;
  1308,  5552, -3224,  -444,  1518,  2890;
  3768,  4524, -2044, -1289,   316,  6916;
  8472,  1260, -2716,  -464,   405,  3762;
  7232, -1900,   940,   305,  1351, -1062;
 10356, -3040,   716,  -320, -1727, -6443;
  5180,   472,  2064,  -461,  1061,  1423;
  -728,   424, -1612,   859,  -566,  1549;
 -6304, -1076,  -676,  -108, -2623, -4455;
  -116,    40,   -64,   -26,    43,   106;
 -8916,   120, -1284,   641, -1179,  3653;
   144, -8856,  -632,  2219,   -71,  1712;
  6420,  2488,   788,   119,  -716,  1653;
  5124, -1064,  2400,   770,    74, -1390;
  7400,    44,   220,  -251,   429,  -646;
  7760, -2340,  -140,  1686, -1343, -1263;
  3504,   664, -2552,  -696,   478, -1988;
  2580,  -716,  1016,  -197,   659,  -629;
 -8348,   708,  -256,  2353, -1575,   258;
-11516,  1168, -2380,  -429, -1736,  2732;
 -7640, -2388, -1992,  1190, -3215,  2625;
   364,   372,  4072, -1520,  1454,  1667;
  8736, 10976,  2356, -2604,  1535,  1835;
  3724, -1172,  -360,   229,  -731, -1722;
  4636,  3248,  -232,  -625,  1005, -2350;
 -4524, -4236,  9544,  2779, -1900, -1095;
 12880, -1908, -1068, -1228,   474,   387;
-13072, -1328,   516, -1538,  1618, -1366;
 -2344,   548,  -376,  -433,  -360,  4731;
  -232, -4364,  -808, -1220,  1884,  4647;
  2320,  4984, -2620,  -580,  3807,  4959;
  2116, -5068,  1928,   422,   728,  1457;
  5744, -3344,   -60,   499,  -977,  -138;
  5104, -1132,   240,  1603, -1223, -2798;
  6356, -1352, -1836, -1172,  2462,   320;
  4260, -1764, -1360,   858, -1724,  -729;
 -6944,  -236,  3176,   481,   -92, -2913;
-12564,  -460, -1156,  -825,  1134,    92;
 -8264,   236, -1760,   684,  1402,  -547;
 -7620, -6444, -4104,  1752,  1320,   971;
 -1704,    28,  -848, -1217,  1301,  2537;
  7844,  3212, -1264,   863,  -978,   369;
  5376,  -108,   316,   105,   -97,    28;
  6852, -2080,  2572,   583,  -492, -4196;
  7296, -3288,  3124,  -158,    79, -2701;
 -9284, -1776,   244,  1770, -1666,   116;
 -4316,   728,   364,  -123, -1458,   -96;
 -7196,  -236, -1772,   -83, -6024,     3;
   728,  9168,  2584, -2266,   610,  3816;
 -7852,   524, -2824,  1948,  2595,   790;
  8548,   656,  -148,  -465,  -498,   920;
  6872,  -356,   564,  -267,   513, -1583;
  3268,   132, -1652,    53,  -451, -2390;
  1644,   772, -2228,   162,  -557,    89;
 -4228,  1828,   808,  -860,  -997,    85;
 -3428,  1640, 10704, -4276, -3310, -2907;
 -6344,  -912,  -868,  -172,  -597,  -335;
 -1312,  2600,  -104, -1940,  1307,  4751;
  1148,  2772,   648, -1094,  1125,  3610;
  1948, -3312,  3912,  -568,   875,  2093;
  8336,  8040, -1952,  -416,  -787, -1487;
  8496, -2672,   392,   677,    60,-11382;
  4404,   460, -1396,   696,   -20,   942;
  4180,  1180,    -4, -2581,  1629,  -861;
  2908,  -288, -3064,    57, -1110,  -821;
 -7448,   880,   988,  -136,  -686, -3200;
-14964,  3468, -1864,    22,  1887,   192;
 -3052,  -132,   -24,  1403,  -189,  2233;
 -7904, -6352,  2656,   537,   761,   341;
  8748,  -172,  2180,  -347,  -356, -1108;
 11840,  -160,  1688,   365,   460, -2485;
 12624, -3136,   540, -1377,  -336,  2066;
  7936,  2316, -7400,  1210, -1659, -1572;
  6592,  -620,  -364,  -706,  -451,   -87;
-12048, -2976,  1304,  1326,  -756,   588;
 -6280, -1216, -1200,    69, -6390,  3864;
 -6672,    80,  -708,  -140,   846,   989;
  5116,  8080,  1076,  -982,   -19,  5458;
  2392, -4644,  3904,  1171,   554, -2673;
  6624,  2096,  -624, -1193, -1076,  1075;
  9188,  -140,  1576,   465,  -799, -2303;
 -9980, -1092,   680,  2005, -1322,  1762;
   708,   708,  1276,  2787, -1896,  1678;
-17512, -2076,  4428,   419,  -247, -1985;
 -8104,  -148, -1164,   272,   -47,  -225;
 -3172, -3604,     4,   227,  1156,  3598;
 -5628, -4208,  1988,   538,  -970,  1217;
 -4116, -6888,  7076,   412,  1818,  1089;
  3152, -2444,  3784,   995,  1586,  -312;
 -5056,  2084,  1372,  1654,  -225, -4491;
  4576, -1768,   644,  1021, -1710,   610;
 -1928, -2000,  3164,  2604, -1782,  1557;
 -1484,   684, -1908,   373,  -247, -2481;
 -6456,   340, -1156,   769, -2829, -1715;
 -1928,  -616,  -680,  -705,  2406,  2008;
 -1648,   372,  -448,   552,   485,  3281;
  3368, -1964, -1024,  2090,  -109,   225;
  6024,  -600, -2128,   653,   968, -1145;
  6336,  -724,   540,   529,   -39, -1126;
  9520, -1272,   732,    47,  1214, -2543;
  6808, -1192,  1740,  -196,    80, -2323;
  4108,  3396, -4432, -2034,  2012,   676;
 -2964,  1072, -2652, -2416,  2955,  -425;
 -6100,  1656, -2076,  -575,  1764,   625;
 -1756,  3160,  -364,   -39,  -779,  3832;
  -780,  1276, -2128,  2109, -1684,   853;
  8300,  2772, -3560,  -405, -1006,  -458;
  7980, -2088,  2916,   397,  -249,   231;
 20840,  6068,   -12, -1347,  1413, -1660;
  2948,  1160,   696, -1950,  1610,   812;
 -2244,  3100, -2244, -3397,  1939,   312;
-10304,   508, -1028,   744,  -434, -2706;
-13704,   168, -2604,   -98, -2216,   318;
 -9716,  1744,   308,   577, -2506,  3627;
 -3320, -4748,  2464,   358,  -765,   422;
     0,  2224,  1776,  -544,    81,   634;
  8420,  2008, -1104,  -250,   185, -1568;
  3868, -7424,  1864,  1425, -5117, -6546;
 -2200,  2452,  -572, -1219,  1247,    -4;
-14580, -3896,  8656,  1250, -1218,   572;
-22472,   940,  3232,   706,   848,  -124;
-13788,   108, -1376,   126,  -137,    33;
 -3928,  1824,    12,  1956,  -669,   283;
   860,  3796, -1248,  1055, -1029,  1463;
 -3208, -3912, -1116,    50, -1714, -2869;
  8560,  -664,  1956,   967,   268, -1236;
  6060, -3900,  1212,   326, -1188, -2710;
  5116,   208,  1568,  -226, -1632,    89;
  1304, -1660, -5828,    50,  1512, -3298;
  -592, -1236, -5736,   952,   682, -1272;
 -9580, -1004, -1948,   759,  -152,     1;
 -1024,   256,  -220,  -307,  -228,  5010;
 -6640, -2952,   492,  2032, -1601,   940;
  5584,  4932, -2184, -1101,  -316,  1964;
 -7484,   616,  -564,   181, -2238,  1265;
  7420,   156,   444,  1531,   -88, -1052;
 17060,   764,  1508,  -713,  1025, -3363;
 13452,  -652, -1724,   -50, -2182, -2613;
 -6968,  -924,  1340,  1546,   930,  -176;
-14052,  1504,  4652,   945,  4548,  1155;
 -8772,  -200,  -832,  -117,   432,   401;
 -4976,   468,  -528,   222,  1848,  2923;
  1760,   300,   732, -1841,  2045,  2056;
 -4980, -5820,   608,  -697,  -577,  2798;
  6396,  -620,  2680,   877,  -451,  -534;
   132,  2688,    16,  -281,   193, -6474;
  2480,  2384, -1012,   849, -2753, -4642;
  5732,  6740, -3388,  -241, -3182, -3550;
  5964,  2944, -3568,   258, -1035,  1760;
-11740, -1080, -1292,  1499,  2162,    99;
-12600, -1948, -2000,  1181,  1238,  -237;
  1424,  3960,  6548, -1504,  1994,  5026;
 -6092,  1960,  5688, -1062,  3383,  4311;
 10680, -1088,  3908,   268,   197,  -275;
  6740, -2888,   528,    97,  -209, -3183;
 -4656, -3096, -3720,  2223,  -543, -7513;
 -4184,   244,  1512,   174,  -442, -1672;
 -2616,   872, -3604,   636, -1036,   180;
 -9304,   360,  -176,  -214,   786,  -851;
-15048,  1780, -3292,   595,  3918,   151;
  2108, 10576, -3536, -1090,   722,  1667;
  2004,  1344, -6088,  -262, -1344, -1263;
  6440,   808,  -808,  1295,  -437,  -940;
 -1212,  1676,  1640,  -124,  -609, -3536;
  7612, -2336,  1092, -1878,  -553, -2180;
  -804, -1284, -1852,  1667, -1421, -2643;
 -6836, -1672,  1400,  -324,   -43,  -320;
 -5532,    56,  -880,   107,  -621,   147;
 -5784,  -180, -7112,   112,  1042,  1488;
 -1336, -2112,   344, -1368,  2722,  2754;
  5844,  8772, -2708,  -791,  1029,  3352;
  6668,   -44,   816,  -273,   180,  -575;
  5668,   -88,    76,  1571,  -339, -4879;
   752,  -136,   376,   201,  -848, -2862;
 -5012,  -724,   980,  1353,   605,  1074;
 -2228, -1372, -1508,   660,  -431, -2445;
 -7308, -1456,  -700,   921,  1200,  1476;
 -3840,  2244, -1536, -1401,  3048,  2723;
   696,  2324, -1024, -1196,  -387,  1912;
  3312,   888, -1364, -1056,   643,  2002;
  7532, -1152,   832,  -205,   -45, -2648;
 -1860,   568,  3660,   603,   388, -3710;
  3704, -2096,  7256, -1774, -1305, -1274;
 -2596, -2316,  -232,  -646, -1143, -2103;
   -80,   168,   628,   -38, -1359,   174;
    56,  8360,  1580, -1317,  1843,  4660;
 -3256, -2648,  -312,    52,   138,  1351;
  8316, -1868,   -44,   814,   506,  -372;
  5812,  -180,   504,   150,     0, -1371;
  6240, -1140, -1780,   241, -1159, -5218;
 -4992, -1032,   592,  1258,  1124, -1171;
 -6432,  -948,  -856,   894,  2602,   909;
 -5828, -2088,  1308,  1029,  1013,   416;
 -6124,  3020,  -132,  1508,  5332,   871;
  5164, -3212,  5968,    78,   675,  1913;
  2624,  -764, -5520,  1031, -1352, -1195;
  9208,  1640, -1052,  -766,   324,   406;
  5972,   -16,   204,    59,    -1,  -287;
 21608, -5184,  -160,  -821, -1258, -3125;
 -2292, -1076, -3216,   723,  2319,  1601;
   720,  2996,  2424,   756,   119,  -591;
 -9016, -1184, -1224,   780,  -528,   625;
 -8944,   324, -2864,   895,  1899,   381;
 -2544,   444,   300,    50,  -362,  4661;
  4092, -2620,  2680,   711,  1073,   452;
  2640,   708,  -704,   510,  -752,  1501;
  6008,  -984,   484,   -53,    29,  -442;
  7644, -2276,  -956,  -144,   311, -2147;
  8692,   644, -1260,   793, -2947, -4923;
  5100,  -648,  -128,   710,  1111,  1684;
 -5492,    96,  -872,  -634,  -502,  -624;
-11964, -1856, -1028,  1528,  2906, -2417;
 -3108,  2308,  1008, -1915,  -670,  2345;
 -1072, -7384,   356,   292, -1150,   530;
   468,  -660, -4740,   197, -1607,   722;
  6248, -1396,   280,   825,  -337, -1581;
 -4652,  3604,   124,   868,   102,  -358;
  4856, -2200, -2788,  1646, -3571, -5297;
 -6832,  4584,  5748,  -635, -2158,  -828;
 -8648,  1220,  2184,  1336,  2637,  1460;
 -3220,  2672,  -268,  -250,  -925,  4050;
 -2372,  -704,  1236, -2510,   336,  5677;
 -3424,  3236, -1176,   -62,   349,  -570;
 11888,   748,  2348,  -158,   507,  1150;
  2320,  1424, -1208,  -878,  -937,  2226;
  3128,  2016,  -652,  2486,  -429, -1756;
  3200,  2516,   136,  2035, -1806, -5315;
 -3788, -1608,  1856,   739,  1762, -2231;
 -9440,  -660,  -940,   501,  -710,  -186;
-11056,  1324, -2308,    44,  -385,  1049;
 -8128, -4412,  1456, -2271,   317,  3089;
  -544, -4360, -4832,  -315, -1496,  1296;
  3016,  1324, -1084,   580, -1177,   933;
   -36,   -32,  -116,   142,  -106,    64;
  8928, -1584,  1620,  1417,  -202, -3112;
  3220, -3096, -1792,    68, -1612, -4557;
  2064,   644, -3860,  1160, -1330,  -852;
 -5996,  -396, -1348,    27,  -374,    92;
 -6256,   -48, -1264,    54,  -439,  2109;
 -7212, -5116, -4468,  -497,   511,  2135;
 -1780, -4356,  3280,  1176,  -542,  1096;
  3720,  1484,  1480,   613, -2248, -1709;
  3576,   388,   244,  -829,   501,  -372;
  7496,  1512,    -4,  -845,   485, -5211;
  -304,  2020,  -208,   452, -1782, -1081;
 -5400,  1256,  2280,  1595,  3133,  1360;
 -1168,  -184,  -408,   130,   317,   409;
-10456, -2160,   732,   453,   102, -1228;
 -2684,  6060,  1644,   227,   951,  2724;
 -3604, -2688, -1248, -1993,  1977,    16;
  1296, -2876,   612,  2670, -2580, -2044;
 -1512, -2484,  1300,   837,  -881, -3484;
 -3480,  -124, -1216,  2239, -1207,   134;
 -3240,  -156,  1112,  -587, -1051,   176;
-10108,  -184,  -968,    54,  -279,  -313;
 -2844,  -444, -2676,   236,   887,  2562;
  -708,   324,  3884,  2033,  -627,  1210;
  3596, -3936,  1932,    62, -1021,  1496;
 10532, -2104,  1596,    62,   842,  1160;
  7392,   244,   632,   -73,    19, -6870;
  1292,  -772,   144,   119,   889,   912;
 -8668, -1252,  4160,    34,  -159,  -276;
  1712,  1336, -6552,  -825,  -345,   170;
 -2072,    76, -2248,  1386, -2173,   185;
 -3796, -1552,   364,  -384,   331,  3923;
  -760, -2228,  2268,  -976,  -247,  4908;
  2024, -2400,  3756,   703,   981,  -375;
  5784,  -524,  -564,   302,    47,  2406;
  7112,  -628,   328,  -253,   138, -2513;
  4020,  5224,   572, -3249,  1544, -3199;
  4820, -4088,  3364,   892,   -73, -1113;
 -6828,  -344,  1120,  -499,   809,  -829;
-11432,  1408, -1400,  1357,  -869, -1476;
  -700,   208,   -92,  -224,  -792,  2521;
 -9604, -6704,   472,  2379, -2260,  4480;
 -6448, -7896, -1876,  -128,  -678,  1361;
 11776,  3780,   564, -1559,   495,  2683;
  4236,  3992,   528,  -267,   523,  2455;
 -7272,  1524,  1372,   438,   390,   901;
 -1448,   864,  -500,  3128, -1585, -4049;
 -4576,  1676, -2256,  1773, -1251, -1444;
 -3732,  4416,   352, -1659,  -892,  -497;
 -3516,  2212,   256,  -276, -1647,  2308;
 -3816,  2796, -3012, -1719,  -602,  2706;
 -4860, -7908,   280,  -552,  -966,  1171;
  4416,  2836, -1728, -2089, -2183,  4909;
  8432,  -936,   800,   197,   279,  -533;
  3732, -4564,  -204,  1047,  -623,  -654;
  4744,  2648,  1464,   735,  -271, -2441;
 -7940,  3420,  3428, -1496, -1009, -1134;
 -9712, -1364, -1240,   474,  -482,   173;
-10428,   284, -1556,  -263,   634,  1573;
 -6572,  3868, -4788,  -703, -1001,  3352;
 -1396,  2912,    44,  -685,  -254,   457;
  4300, -4212,   704,  1478,   704,   314;
   124,   -92,  -180,   268,  -166,    60;
   724,  -944,   212,  1027,  -886, -3431;
  -616,  1500,   -76,   904,  -741, -3899;
  4460,  2452,  1872,   -12, -3553, -2174;
 -8172,   320,  -996,  -325,  -305,    67;
 -7112,   816, -2600,  -354,  1385,  3759;
 -2628, -7472, -2304,   357,   -68,   375;
  -712, -2832,  3872,   506, -1090,  1796;
  5068,   112,   -20,     5,    14,  -518;
 -2928, -2104,  1444,  2513,  -646, -2806;
  8180,  4456,   452,   907, -2008, -1791;
 -1652,   568,  -456, -1314,  -324,  -358;
 -3756,  -548,  -148,  -407,   429, -3334;
 -7104,  2032, -2528,  -598,  1123,  1204;
 -3024,  3144,   328,  -137,   -65,  3450;
  2432,  2244, -1796,    20,   499,    96;
  7476,    64,  1160,   649,   176,  -525;
  5288,  -800,   -40,  -623,   779, -5123;
    16,   276,  1596,   857,  -312, -5361;
  2248,  1860, -1852,  1943, -1312, -1372;
   228,  1140, -1780,  -883,   942,  2916;
  -412,    92,   920,   -79, -3558,   466;
 -1776,  3468,  1916,   117,  1656,  3857;
 -3432, -8216,  -688,  -514,  3728,   237;
  3732, -3540,  1524, -1250,  1659,  4761;
  5096, -2348,   388,    34,   -26,   437;
  -732, -3012,  2328, -1787,  -295, -3560;
  -628, -1464, -4604,  1427,  2025,  -963;
 -2468, -3256,  -688,  -592, -1928, -1975;
 -4344,  -564, -1180,   632, -3033,    43;
 -1540, -2152, -2156,  1397,  -161,  4020;
   476, -4680, -6440, -1052,  3038,  5446;
  7076,   132,  -668,    26,  1452,  3858;
  5700,  -556, -3768,   -89, -2043, -1657;
  7884, -1232,   800,  1155,  -773, -4453;
  1284, -1492, -1624,   333,    32, -5321;
  5672,  3416, -6996,  1420, -2087,  -573;
-15860,  -780, -1748,   614,   232,   -17;
 -5184,   768, -1016, -1275, -1653, -2242;
 -4164, -2904,   528,  -236,  1799,  4346;
  1788, -5044,  2596,  -812,   -89,  4837;
 -1348, -2964,   -24,  1269,   420, -1707;
  3916,  7380, -3428,  1129, -1256,  1360;
  6508, -1612,   892,  -351,  -157,  1327;
 11960,  2372,  -972,   483,    42, -6511;
  1588,  1072,  -664,   186, -2255, -2789;
 -1836, -3476,   608,  -507, -1228, -1881;
 -2756,  2032,   -12,  -452, -2601,  5413;
  4216,  3024,  4576, -2144,  2724,  4763;
  7580,   656, -1120,  -158,  -230,  2529;
  3520, -1840, -1000,  1051,  1805,  3183;
  7436, -3660,   668,   363,  -522,  -958;
  7068,  1432,  1084,  -334, -1971, -3539;
  4000, -2080, -1156,  -689, -1595, -3655;
 -2868,  3056,  -524,  1765, -2191, -3290;
 -4692,  -460,   696,   989,  -552,  -425;
 -9908,   660,  -388,  -346,  -392,  1606;
  -992,  8676,  -876, -2595,  1339,  3999;
  6372, 10792,   496,   267,  -139,  -811;
  5440, -2424, -1836,   753,   814,  1154;
  8116, -2296,  1160,   -13,   399,   -39;
  6036,  2400,   628,  1151,  -285, -1427;
  -260,  1656,  -548,  2678, -1773, -3895;
  4964,  3528, -3276, -1042, -3496, -2517;
 -9012,  2504,  -172, -2113,  -642, -1630;
-19128, -1808, -2412,  -323, -1781,  2382;
 -1528, -1132,   300,  -161,  3001,  2273;
 -2452, -5676,  1288,  2241, -2233,   610;
   684, -2972,   296,    89,   681,   507;
  6832,  1492,   520,  -763,   228,   517;
  9272,  2568,   960,   643,  -833, -4314;
   320,  1996, -1316,  -797,  1213, -1648;
-14176, -2752,   -68,  -953,   984, -1789;
 -8408,  1548, -1448, -1344,  -169, -1196;
 -1548,   148,  1576,  -394, -7078,  2466;
 -3604,  2076, -3592,  1093,  1972,  2968;
 -4200, -9272,  2144,   556, -2127,  1194;
  3332,   -68,  -616,    18,   927,  1571;
  6608,   280,  5200,  -783,  2393,   713;
 -2560,  -444,  2032,   272,  1442, -1366;
 -9832,   456,  -460,  1369,   652, -4358;
 10080, -1684, -1400, -1860,   977,  -689;
  -480,  2820, -2924,  -246, -1347,  -575;
  -644, -1060,  -964,   428, -1048,   493;
 -1996,  1324,   568,  -294, -3011,  3150;
 -1672, -7684,  4144,   202,  1840,  2480;
 -7564, -6664, -1936,   829,  3078,  4057;
  1832, -1584,  3972,    49,   572,  -198;
  6388, -1764,   144,   -82,  -161,  -810;
  -944,  1652,   392,  2031, -1535, -1230;
  8000,  -500, -4044,  -135,  1373, -4500;
   176,   -32,   544, -1408,  1782, -2294;
 -6976, -4256, -2544,   897,   441,   907;
 -7808,   616,  -904,   294,   -34,   629;
-11584,  1580,  3068,  -274,  1428,  2354;
   -68, -7836,  1620,   951,  -925,  3952;
  9444,  7844,  1256,  1546,   389,  -535;
  2852,  1192,  -708,   577,   -21,  -498;
  4752,  -372,   524,    55,  -486,  3470;
 10568, -1868,  -916,   274,  -169, -6821;
 -6172,   936, -1724,   -26,   814, -1743;
-11060,   896,   320,   365,   -74, -3962;
-16528,   352, -2844,   -96, -6727,    40;
 -2720,  1172,    36,  -245,  1281,  2388;
 14696, 10500,   416,   240,  -638,  3436;
-23068, -3404,  -368, -1723,  2015,  2317;
  7752,  3116,  -136, -4190,  2921,  3262;
  9220,   -20,   -72,     7,   279, -2825;
 -4444, -3512,  1372,  2007, -1001, -6244;
 -7936,  4468, -6556,  -881,  2843,   182;
 -6200,  2344, -3080,   320,  -933,  -283;
 -6496,  -388,  -384,    74,  -819,  -333;
-15456,  2152, -1604,  -830,  -544,   677;
 -4620, -5552,  4152,  2153,   -74,  3209;
  4384,  -276,  1856,  -344,   880,  1159;
  4968,  4688, -1260, -1289,  -438,  1261;
  8828, -1424,   512,   192,   221, -1828;
  6512,   692,   184,   420,  -908, -4264;
  3480,  3528,  2632,   836, -1220, -1080;
-10388, -1500, -1880,  -862,  -777,   309;
-10680,    20, -1168,   342,  -904,   523;
 -5548, -1052, -3860,   508,  2183,  2555;
 -2680,  -356, -1652, -1173,  2004,  7237;
  3156,   800, -4328,  1848, -1852,  -920;
 12744,   104,  3044,  -360,  1478,  3046;
  7288, -3260,   660,   218,   -20, -3239;
  7400,   136,  -340,   144,  1080, -4022;
  5168,   848,   -36,   648,  -166,  2339;
 -4700,  -552, -1460,  -589,   692,   646;
-16656,  4236, -1156, -2202,   790,  1030;
-18168, -1364, -2268,   517, -4536,   257;
-11368, -5320,  -832, -1381,   747,  2289;
  4708, -1104,  1560,  -153,  -233,  2070;
  3888,  9384, -1664,    76,   763,  1978;
  7080, -3372,  -692,   607, -1414,  -550;
  8512, -4576,   664,   848,  -149, -8274;
  8892,   456,  -416,  -856,   514, -2134;
 11080, -1484,  5664,   583,  -666, -1051;
-10704,   524,  1388,   -97,   732,   498;
  1488,   -96, -3388, -1079,  -860, -3313;
-19308, -1720, -3412,  -165, -3637,  -289;
 -4808,  5100, -5460,  -686,  -165,  2237;
 -4644, -5196,  3928,   359,   253,  -108;
  2660, -2872, -1288,  -412,   243,  1057;
  8808, -1456,   964,   206,   932, -2038;
  -772,  -816,  1836,  1020,   813, -4805;
 -2652, -2752,  3012,   103,   -49, -3100;
  1368,  -572, -1436,   633,  -335, -1738;
  3200,  1244, -2600,   461, -2152, -2818;
 -4156,   384,   -40,   558,  -806,  -655;
 -6752,   452,  4920, -3890,  -292,  2871;
 -1320,   -24, -2628,   -76,   316,   737;
 -3204, -2740, -2192,  -772,   718,  1194;
  6580,  4012, -1124,  -646,  -656,   969;
  7012,  1068,   360,  -121,  -425,   130;
 14348,  1988, -1992,  -869,  -611, -4504;
 -4888,  -976,  2416,   823,  -881,  1310;
  -284,  2496,  -412,  -236,   537,   699;
 -7464,   744, -2460,  -681,  -784, -1260;
-10420,  -676, -1160,   203,  -231,   149;
 -7736,   176,  -904,  1090,  3817,  3178;
 -5748,  7048,  -288,  -653,  1419,  7230;
  6488,  9464, -1196, -2360,   490,  1807;
  5388,  1404,  1144,  -310,   679,  -769;
 12064, -2016,  -228,   349,  -426, -2454;
  5364,  2448,   576,   -25,   837, -1611;
 -4480,  3424, -2516,   748,   387, -1072;
-16904, -1340,  1252, -1038,  1742,  -339;
-18248,  1008,  1328, -2162,  1909,   246;
-11820,   304, -2176,   361,  -601,   986;
 -8728, -7556, -3248,  -553,  -427,  1969;
 -2224, -1324,   516, -1199,  -163,  5676;
 -2284,  -700,  2728,  -469,   157,  1887;
  4296, -1448, -1468, -1655,   340,  1485;
 14812,  1004,  -988, -2374,  2594, -2819;
   476,  1364, -1264,    95,   765, -6451;
 -9816,  -940,  2448,  1228,  1680,  1236;
 -6444,  -928, -2492,  -828, -1270,  -643;
 -2568,  1240,   -36,  -313, -1550,  5514;
 -6280, -2252, -2548,   637,  5620,  2161;
 -2988,  1664, -5288,  1173, -1771,  4337;
  2120, -7564,  1260,  1235,   481,  -323;
  5560,   272,   156,  -967,  -147,   150;
  2228,  1564,   824,  1068,  -559,  1746;
  5052, -1996, -4124,  -844,  -646, -4592;
  3924,  -320,  2120,   288,  -236, -1449;
-11092,  2796,   392,    67,  1379,   534;
 -5944, -2720,  -332, -1027, -3290, -2385;
 -4916,  3200,  -984, -1317, -3614, 14553;
 -7500, -6760,-10636,  3373,  3471,   916;
 -1636,  3828, -1192, -1503,   717,  4726;
 -3024, -3344, -1868,  -956,   869,   -87;
  4396,  1136, -1000, -1550,  1151,  1102;
  4764, -1604,   960,   594,   -28,  -278;
   728, -1176,  1656,  -389,    94, -7286;
 -7180,  2380, -2584,  2769,   527, -2128;
 -1876, -2184,  1700,  -942,   325,  -407;
  -680,   220,   704,   -11, -3400,   537;
 -8372,  4804,  2880,  -217,  1788,  2511;
 17572,  5272,   676,  -704,   744,  4854;
  -344, -2708,  4448,   215,  -650,  2601;
  6284,  -360,   484,  1172,  -502, -1722;
  9124, -1508,   448,    86,   102,  -736;
 -4312,  2688,  1132,  1897,  -227, -3905;
  1508,  2096,  -612,   808, -1041, -2872;
  4864, -1292, -1052,   504,  1155,  2200;
  -888, -3524, -2920,   723, -2180, -1536;
 -5416,  1040,  -636,   -91,   308,  1989;
 -5576,  4072,   -92,  -772,   921,  4505;
 -2452,  -744, -2376, -2140,   381,  3494;
  1624,   -12,  -468,   643,  3222,  1200;
  2812,  -612,   252,  -359,  1366,   690;
  8588, -3400,   512,   709,  -725,  2583;
  1132,  2880, -1620,  -354,   104, -4381;
-10896,  6404, -4420,   439,   610, -3130;
  3028,  -360,   724,   175,   647, -2807;
 -2784, -1036,    52, -1353, -2462, -3097;
 -7176,   528,  -592,  -991,  1374,  1671;
  6416, 10544,  -952,  -806,  3035,  2292;
   936, -4488,  2224,    97,  -673, -2338;
  6980,  2968, -2220,   931,  -912, -1343;
  8144, -1268,  2892,   293,   797, -1624;
  8296,   504,   260,   216,  1091, -2807;
  5088, -4668, -1080,   332, -1760, -6051;
 -2712, -1040,  -320,   222,   485,  1636;
 -6552,  -272, -2664,   334,  1032, -2087;
-11800,  -288, -3964,  -188,  -304,  2291;
 -4036,  1616,  1152,  -484,   948,  2951;
  3364,  3412, -3220,   107, -1365,  -134;
  9500, -5384,  4252,  -102,  2149, -2938;
  8916,   616,  2776,  -448,  -157, -1044;
 10912,  -340,  -432,   499,  -211,    70;
    48, -1932,  4392,   617, -1364,    71;
  -772, -1928,  5000, -1498,   -72,  2361;
  3380,  2980,  1704, -2762, -5329,  -599;
-10976,  1164, -2388,   799, -1072,  -988;
 -5644,  -604, -1068,   336,  1924,  1410;
 -1936,  4124,  1596, -1515,  2126,  3537;
  2184,   588,  1120,  1430, -1015,  -429;
  1464, -3728,     8,   903,  -187,  1933;
  7984,  -796,   660,   560,  -577, -1081;
 18060,  1996,  3484, -2042,   484, -5529;
  6412,  2360, -3132,  -679, -1189, -2590;
 -2628,  2516,  2064,  -249,  2044,  -533;
-13060, -3468, -1228,  -638,   209,   142;
-11872,   384, -1376,   160, -1444,   429;
 -4764,  4044, -4244,   365,  4029,   913;
    64,   548,  2348,  -694,  -254,  2710;
  6956,   868,  2224, -2055,  -857,  5436;
  2836, -2076,   316,   -74,  -761,  1146;
  3204,  1640,   260,  -644,   -16,  5758;
  1708,  3640,   552,  -500,  1038, -4739;
 11860,  4452,  -296,  2069,  1120,  -513;
 -5788, -1548,  4868,  -352,  1948,  1202;
 -6764, -2508, -2680, -1002, -2379, -1718;
 -6600,  1300,  -608, -1425,  -616,  3175;
 -7344, -4980, -4896,  -361,  -152,  3007;
 -6044, -7144, -4804,  -164,  1908,  1286;
  1012,  5156,  3588, -2058,  2287,  3963;
 12220, -2884,  2248,   612,   407, -1995;
  9536,  -656,  -184,   218,    74,  -412;
 -7556,  2256,  1448,  1784,  -427, -4601;
 -7316, -2756,  -804,  -230,   441,   713;
-12320,  2816, -2056,  -339, -3041, -1285;
 -7112,   300,  -596,  -717, -3847, 10546;
  1856,  8884,  1992, -1507,   926,  3157;
  -492,   912, -2480,  -608,   634,  2355;
  2120,-10948,  2896,  1652,    20,  -637;
  7036,   256,  1376,    46,   -88,  1752;
 16596, -2512,  -292, -1462,   906, -1032;
   860,  4064, -3588, -1031,  2665, -4173;
    96, -2548, -3460,  2741, -2655, -1848;
  2796,  1180, -2468,  -441, -4113,    53;
 -8056,   428,  -488,   -93, -3114,  1184;
  3976, -1868,   168, -1037,  4912,  3710;
  7264,  7696,  5924,  -183,  3541,  4483;
  5020, -1876,  3780,   997, -1228, -1231;
  6912,  2924,  4904,   723,  1350,  -621;
  6304,  -420,  -372,  -358,  5690,  4939;
  6196, -2772,  -196,    20,   549, -5263;
  5980, -2860,  2388,  1303,  2910, -1094;
-15480,   924,   204,  -805,  1278,   884;
  1144,   160,  -680,   571,  -715,  -217;
 -5468,  3272,  -228,  -815,  -453,  2716;
 -9940, -9684,  -308,  -926,  1460,  3005;
