  5356,  -876,  1640,  2946,  1269,  -132;
  4896, -1248,  4160,  2877,  2104, -1423;
  4384, -2220,   644,  -498,  4313,  2554;
  2148, -3544, -5900,  3154, -1291,  2490;
  2132, -1860,-10568,  2284, -3755,   504;
  3228,   980, -6828, 10241, -1319, -2430;
  4308,   628, -3044, -1820,   292, -1766;
  3176, -1948,  -768, 10200, -7582,-10717;
  5320, 11512,  3852, -7955,  1104,   738;
  5864,  1864,    64, -2202, -3462,  1639;
  4956,  1388,  -976, -4436, -1306,   875;
  6324,  2304,  3460,  -518, -3419,   842;
  7260,  1344,  -836, -5017, -2007,  1311;
  6840,   700, -1356, -2646, -1082,  -200;
  6588,   620, -1124,   178,   962,  -258;
  7168,   684,  -972,  -626, -5975,  2963;
  6708,   268, -1164, -1651,   137,   141;
  7888,  -204,  -488,-10790,   179,  -884;
  7100,  -648,  -956,   590,   -47, -1028;
  7860, -1260, -1176, -3416,  -929,  1464;
  7744, -1488, -1792,  -554,   200,   453;
  7724,  -904, -2076,   -70,    61,  -375;
  7168, -1384,    80, -3126,  -852,   717;
  9764, -1924, -1212, -1843,  -340,    69;
  9868, -1596,  1104,  3049, -2477,  -535;
  9708, -4240,  6048,  7108,  -877, -4191;
  7220,  2156,  2156,  8282,    66, -1157;
  6580, -1280, -2268, 10006,  4391,  -881;
  8000,  -496,   384,  9360,   595, -1200;
  7604,   624, -2688,  1009,  -358,   115;
  4820,   832, -5080, 13833,  6534, -4988;
  5608,   808, -4680, -5895,  3838,   770;
  5508,  1368, -5692, -6686,  2421,   296;
  3948,   476,  -692,  5362,  3275, -4498;
  5772, -1032,  -172, -1760,  -738,   215;
  4068,  -504,  5792,  1137, -1010,   196;
  3996,   -36,  -780, -2180,   926,  1021;
  5880,  -916,  2756, -7656,-10778,  4320;
  6788, -2648,  4436,  1394, -4841, -1502;
  6164,  -892,  -308,  -691,  2409, -1991;
  5668, -2500, -3884,  5309,  3755,   951;
  5408,  2252, -6168,  2035,  2985,  1461;
  4328,   296, -3912, -2136,  6241, -3403;
  3540,  -376, -7016,  4482,   522,   816;
  4212, -1056, -1968,  6235, -2222,   670;
  4472,   -84,   276,  1720, -1849, -2262;
  5424,  -360,  2020, -1667, -2663, -1269;
  5260,  -140,  2316, -1820,  -236,   844;
  8884, -1364, 15831, -4043, 10475,  1642;
  4408,  -380,  -548, -1326,  3494,    12;
  6800,  -696,    72, -9525, -6378,  2382;
  5720, -3280,  5632,  1619, -2345, -1309;
  5644, -2116,  4012,  7443,   745, -1152;
  6972,   920, -2108,   552,  3884,  1729;
   436, -2616, -6916,  1773, -1318,  2911;
  4056,  2856, -9052, -5723,  2449, -2116;
  3576,    16, -2564, 11264, -4427, -3228;
  4240,  1292, -2532, 16855,  1268, -4656;
  2784,  1316,-10728, -4829,  1280,  -718;
  4152,  2380,  -672,  2820, -2394, -2062;
  5280,  2996,  1588, -8046, -5360,   946;
  6764,  2308, 15831,-14708,  3081,  4926;
  2012,  -112, -4600, -3205,   556,   867;
  3756,   124,  1988, -2790, -4534,  1545;
  4860, -1540,  2460, -1954, -5234,  1912;
  5912, -1392,  4668,  -321,   978, -2341;
  5828,  -308,  1068,  6395,  3474, -1494;
  2988,  -640, -1148,  3898,  -718,   689;
  3888,  1736, -4640, -1722,   973,  2035;
  3764,  -500, -3700,   673,  -916,   605;
  3080,  -432, -7204, 12235,   523, -4080;
  2544,   592, -2616,  5089,  2140, -3781;
  3152,  2328, -6608,   531, -3639, -1124;
  5368,  1192, -4368, -3070, -5310,  -198;
  6752,   536,  4976, -3247,   500,   275;
  6136,  2724,  1252,-10840,  4226,  2523;
  3348,  -368,  1216, -4249,   786,  1975;
  3712, -1420,   748,-15304,-11428,  5686;
  4812, -2216,  7772,  4865, -4724, -1556;
  5684, -1112,  2104,  3877,  -579, -3004;
  5244,  1320, -1656, -1155,   440,   453;
  3920,  -828, -7572, -1374,  1739,  1495;
  4256,  -320, -4392,  -894, -3258,   838;
  4000,   336, -3552, 14987,  3766, -4562;
  2708,  2396, -5352,  5456,   630, -1920;
  2152,  3708, -4400,  1375, -6055, -3406;
  5464,  1096,  4096, -2430, -5191, -2286;
  9904,  3720, 12596, -9163,   123,  1567;
  3644,  -696,  3472,  3205,  5135, -2789;
  2104,   572,   732,    -9,  -463, -1260;
  3052,   524,  3256, -2636,-12236,  7293;
  3060, -3620,  7096, -4555, -2202,  3823;
  2896, -2500,   864,  3075,  2377, -1269;
  4808,  1424, -2180,  6589, -4115,  2052;
  2664,   984, -5680, -4372,  4257,  3334;
  5376,  -500,   420, -3567, -4133, -3044;
  4068, -2332, -1944, 16229, -1419, -4715;
  2044,   180,   600,  6920,  4948, -1349;
  2520, -2088, -2476,  4017,  4046, -2349;
  2484, -3356, -1096, -2898, -4291, -2626;
  7000, -1116,  3332, -1519, -2288, -2652;
  8520,   512, 12552, -5870, -2133,  1347;
  5340, -1164,  1880, -2036,  6063,  1259;
  3172,  1228,   112, -1111,  6837, -1236;
  6000, -1948,  1840,  1110,-11473,  2684;
  3692, -3332,  5748,   880, -7673,  1915;
  9868,  2424,  7904, -2200, -4154,   399;
  6368,  -828,   908,  3212,   -43,  2990;
  2856,   -36, -8372,  2621,  1882,   954;
  4980,  -516, -5816,   -64, -3773,   -89;
  4520,   248,-11728,  4564, -2125, -1434;
  5652, -1124, -1300, -3155,  1505, -1161;
  4876,  7040,  -424, -7338,  -807,  -157;
  6332,  4240, -3948, -1891, -3570,   403;
  2424, -8676, 15831, -6869,  5971,  4089;
  4396,  -520,   220, -2734, -2881,   609;
  8156, -1600,  3212,  4165,-13516,   241;
  7300, -1492,  5560,  4303, -1277,  -937;
  9764,  -668,  5628, -1655,  1883,   225;
  6496,   664, -2080,  8157, -4213,  2180;
  3808,    76, -6144,  3261,  3251,   720;
  4292,  -824, -5272,  2372,   969, -1114;
  6408,   -28, -2236, 14353, -7510, -4376;
  5064,  1544, -2316,   797,  1649, -1147;
  3024,  1452, -6468, -4022,   746,   -13;
  4540,   260,  1892, -1057,  2811, -3227;
  4888, -1204,  -148, -7777,  5663,  3361;
  -604, -2308,  -452, -1550, 17451,  2251;
  2424, -1348,  -364, -8771, -7116,  2498;
  3164, -6448,  1784,  5448,-14830, -2587;
  5024, -2476,  1712,   126, -2045,  -612;
  6368,  -620,  4528,  2165, -3325,  -731;
  1592, -5132, -3016,  -465,   120,   194;
  3452,   360, -8600, -2040,   177,  1341;
  5744,  -716, -2416,    97,  -822,   147;
  5668,  -388, -1680,  2495, -5722,  -759;
  5412,   236, -4392,  7188,  4012, -2664;
  6016,  -168, -7652, -4109,  3373,   288;
  7092,  1432, -4364, -6898, -1862,   768;
  3280, -3828, 10740,  5834, -5616, -2318;
  7896,   124,  2068, -1737,  3715,  1347;
  4660, -1460,  -112, -3719, -2968,  1761;
  5092, -2192,  -172, -1292, -5418, -1017;
  8128, -2452,  6464,  3069, -3977,  -428;
  8772, -2192,  5252,  5994,  1296,  -905;
  5876, -2620, -2820,  6982,  -520,    84;
  4636,  -852, -4804,   119,   839,   957;
  4040, -1536, -5148,  2070,     9,   -68;
  6268,  -520, -1172, 10110,  -995, -3873;
  3284,  -420,-11108, -9469, -1925,  1004;
  7084,    84,  1216, -3829,  2182, -2430;
  8156, -4016,  2156,  1573,   132,  -148;
  7544,  -952,  1924, -2403,  1113,   887;
  5608, -2420,  1804, -3621,  -872,   761;
  4612, -3028,  1824, -5350, -2409,   592;
  4336, -4816,  2872, -4828, -3523,  3074;
  8096,  -516,  5108,  6081, -3308, -1436;
  7296,  -624, -1404,  4769,  -865,  -727;
  3808,  1112, -3828,  2695,   732,  1206;
  5260, -1012, -2828,   528,  -803,   883;
  6028,  -636, -4196,  1076, -4768,  -326;
  6080,    20, -3316, 15144,   457, -4606;
  2640,  1752, -8484, -4580,  3643,  1131;
  5576,  -500,  1336,   337, -2874, -2704;
  6472,   524, -1316, -2193,  -327,  -735;
  8284,  3284, -4856, -7679,  1241,  4697;
  4656, -1652,  -260, -2750,  -279,  1633;
  4036, -1704, -1276, -1410,     5,  -384;
  6736, -1868,  5780,  6389, -5168,   808;
  5760, -2492,  4784,  3506, -3280,  -663;
  6680,   856, -1032,  5240,   220,  -221;
  5300,   412, -8116,  -570, -1018,  1101;
  5508,  -660, -3060,  2597,  -686,  -568;
  4576,  -520, -5604,  2459,-10107, -1204;
  6372,   440, -4892, 10045,  1105, -3207;
  3496,   912, -2364, -9958,  4947,   570;
  9468,  1556, -4660, -4614,  1040, -1635;
  7444,   416,  6748, 10943,  3646, -4807;
  6772, -5436, -2824, -2223,  4660,  1314;
  3100,  -864, -2540, -1527, -1990,   741;
  9232,   736, -2820,  -582, -5157,   -94;
  6612, -2456,  3040,  -121,   244,  1312;
  7428, -3384,  3212, -2283, -5213,  2288;
  4356, -3068, -6824,  3368,   236,  2738;
  4272, -1040,  -948,  4399,  -655,  1803;
  5688, -2408,  -492,  2815, -2728,  1209;
  5940, -1616, -1688,  3683, -1372, -1881;
  5608, -1072, -2900, -4175,  -616,  -528;
  5752,  1276, -5636,  6617,  -817,  -292;
  7508,  -204, -4808,  -369,  2328,    38;
  6400,  1588, -4068,   226,  -836, -3105;
  3508, -4568,  -920,   308, -2723, -2172;
 10104,  1280, 13560, 11125,  2338, -3454;
  5352,   476, -5092, -9358,  5337,   425;
  4520,  -756,  1108,   -12,  1764,   -37;
  4704, -1004,  1780, -6946, -6766,  2083;
  5676, -3588,  5952, -6116, -6749,  3249;
  6484, -3480,  3816,  2781,   428, -1180;
  6116, -1864, -3068,  7241, -5175,  -791;
  4868,  -740, -4548,  7262, -2828,  -358;
  5864,  -532, -2220,    47,  1340,  1368;
  5688,  -312, -4536,  4166, -2421, -1256;
  6416,   320, -2528, 15576,  -612, -4484;
  4340, -1336, -4660,-14792,  5502,   332;
  6812,  1204,   -68, -2609,  -755, -2766;
  8476,   720,  1628,  2103, -6346, -3323;
  7644,   752, -1084, -7058,  2661,  3090;
  5616,   304, 15831,-12587, 32687,  4119;
  4552,  -860,  -604, -3892,   162,  1489;
  6228, -2716,  3292, -6418, -6797,  3618;
  6864, -1676, 10960, -2460, -3204,  -544;
  3716, -3076,  2992,  4062, -6592,  -880;
  5768,    92, -1084,  1599, -1751,  -857;
  5064,   668, -6816, -1033,  4367,  1084;
  7628,  -124, -1708,  3139, -7387, -1426;
  7432,  -196, -1900,  7659,  -488, -2580;
  3368,    96, -6072, -4787,  1831,    99;
  8428,  1456, -7972, -3259,  1079, -1979;
  8404,  3940, -4520, -7257, -1647,  -385;
  4872,  3568,  1036, -9359,  2242,  4130;
  3308, -1808, -1852, -1391,   285,  1015;
  4048, -2172,   292,   907,  -220, -1240;
  4356, -3792,  4424, -5732, -3762,  1847;
  6864, -2480,  4196, -2337, -7331,  -489;
 10140,  3088, -3268,   793, -7711, -1127;
  6452, -2380, -3092,  2890,  -347,  1017;
  4328,  -992, -7848,  2418, -4689,   -10;
  6296,   532, -4568,  -466,  3250,    57;
  6188,   920, -1612, 14766, -2556, -5236;
  5348,  1864, -5168, -4760,  2149,   267;
  9956,  -188,  1884,  -920,   970, -3038;
  8420,  -292, -4196,-11266,  1351,   805;
  6304,  1064, -3156, -7888,  6301,  4786;
  5836, -3672, 13716, -1163, 32687,  -401;
  5208, -1844,   260, -5879,   638,  2871;
  5768, -3964,  5764,  -307, -7863,  -770;
  6788, -4732, -1428, 16081, -7390, -6097;
  5104, -3596, -8096,   939, -1272,  2619;
  8300, -2696, -1708,  3415,  2334,  1905;
  7636,   804, -6564,  7639, -3138, -1177;
  5652,  1044, -5180,  1891, -8079,   -49;
  6140,   492, -8720,  2477,  1596,    11;
  6360,    96, -4744, -1546,  4301, -1163;
  6080,  1572, -1176,  6320,   874, -4691;
  8576,   444,  2980,  5800,  -942, -3457;
 10228,  1556,   116, -7684, -1975,  5819;
 10700, -1300, 15831,-23118, 32687,  4981;
  5000,  -928,  -648, -4532,  -417,  3143;
  6520, -3232,  2428, -8092, -6047,  5736;
  9620, -2100,  3628, -1109, -5920,   140;
  7624,  2976,  2752,  8910, -2940, -3703;
  5824,  1804, -5648,  3620,  1465,  1023;
  6688,  -428, -2668,  1252,  4993,  1320;
  3872, -1220, -5904,  2923,   116,  -780;
  2760,   552, -9728,  1909, -2168,  -405;
  7812, -1028,   640,  3322, -6209, -4141;
  5436,  4312, -8684, -8733, -3741,   626;
  9912,  -432,  9764,  -983,   403,  1960;
  5052, -1876,   892,-12498, -2894, 10230;
  5180, -3304,  -716, -1879,   806,   114;
  4920, -6276,  5752,   395, -4281, -1486;
  6772, -7184,  6516,  5767,    44, -5527;
  7124, -2728, -3672, 12851, -3327, -4422;
  4316,  -104, -6584, -1890,  3773,  2066;
  5112, -1032, -3596,   651,    41,  -183;
  6200,  -736,  -872,  5355,  -576, -2359;
  2376, -1660,-16288, 16342,  -529, -3423;
  4724,   392, -1308, -7129, -1621, -1343;
  4476,  -608, -9964, -9787,  1283,   486;
  8036,  2624, -5960,  4856,  2438,  -713;
  2116, -3984,  2680,  -145, -4036,  2311;
  4960, -2824,   160, -5842, -5972,  2214;
  7456, -3936,  5932,  9652, -3934, -2545;
  5940, -3624,   176, -2324,  1802, -1768;
  5272, -2812, -3644,  7881,   723,  -381;
  3636, -2188, -6656,  2680,  -313,   195;
  5556,  -440,  -748, 12568,  3049, -4435;
  1948,  -364, -8908,  -888,  -184,   670;
  6300,  1308, -7060,  4904,   813, -3670;
  7056,  1236,   220, -3498,    85,  1328;
  4728, -3656,   108, -7611,  4218,  5538;
  4928, -1560,  1596, -4462, -3041,   847;
  4880, -2524,  2068, -6865, -4733,   944;
  7732,   -96,  7376,  7021, -4011, -1666;
  7436, -2308,   428,  5946, -2133, -2596;
  1492, -1448, -6468,  6435, -1331,  1108;
  4236,  -124, -7968,  1946,   222,   247;
  5532,  -468, -1992, 12314, -1124, -4485;
    64,  -168,-10332, -5625,  1807,  -622;
 16460, -1324,  3232, 12464, -8477, -4192;
 -1068,  9092,  2380,-11380,  1113, -3877;
 10276,   484,  3776,  1463, -5307,  3309;
  7464,  -552, -1080, -6051,  -582,  2638;
  8248, -1832, -1236, -7592,  9104,  4210;
  8612, -4020,   432,   333, -2122,  -566;
  8464, -1872, -1512,  8722,  3611,  -760;
  2856, -1464, -7152,  5460, -1049,  -225;
  3896,   384,-11856, -3191,  4154,  1424;
  3628,   892,-11556,  3817, -1315, -1098;
  8520,  1260,   680,  7785,  -587, -6764;
  4664,  -244, -8588, -4787, -2654,  2448;
  8268,  1204, -2340,   901,  1053,  -232;
 15784, -1276, 15831,  2005, 22088,  1230;
  5800, -1204,  -376,  3046,  3374, -1127;
  6164, -1812,  -200, -8403, -6565,  3957;
  6168, -4720,  -156,-10905, -7065,  2732;
 10440,  2840,  7812,  -480,  1980,  -953;
  5764, -1108, -1608,  3625,    12,   652;
  3500,  -780, -2684, -1675,  2884,   113;
  6264,  -840, -1376,  8061,  -168, -3712;
  4336, -1752,-13612, -3880, -1582,  1683;
  6932, -1648,   492,  6721,  1881, -4668;
  7908, -3232,  4040, -3132,  2107,  -516;
  4540, -1216,  1872,  -273, 11425,   358;
  4220, -1996,  4060,  -240,  6447, -4551;
  2704, -3152,   632, -5623, -4186,   850;
  2780, -4372,  1112, -7804, -6244,   928;
  5620, -8772,  3436,   998, -7386,   580;
  7100, -5968,  6976, 16476, -2275, -3388;
  5900, -1908, -1224, 13507,   761, -2164;
  6176,   480, -5380, -5631, -2340,  5440;
  4492,   -56, -4868,  -107,   415,   381;
  4532,   -84, -8968,  3272,   662, -1040;
  3912,  1848, -9956, -1596,  3295,  -427;
  7124,  1392, -1856, -2068, -1227,   488;
  5324,  -536,   -96,-10191,  3884,  2228;
  6268,  1124, -4824,  -795,  6518,   288;
  5060, -2332,  7612, -2454,  7360,    86;
  3756,   -44,  -380, -9139, -4730,    88;
  3656, -1880,   352, -4096, -3911,  -259;
  6508, -2888,  6648,  -720, -8265,  1687;
  8352,   788,  8040, 10658, -2991,  -416;
  5804,   824, -4128,  6919, -1460,  -814;
  4800, -2044, -2060,  1080,  -476,   752;
  5396,   528, -3440,  -420, -1263,   314;
  5300,  -232, -4292,  8163,  -518, -2312;
  2104,  -748,-10112, -3233,  5612,   810;
  5844,  3660,  -928, -9085,   947,  1292;
  6908, -1344,  -700, -2619,  1008, -2016;
  6028, -1808, -1412, -8153,  -762,  3341;
 11984, -2204, 13972,  9261,  1396,  7664;
  5052, -2276,  -324,  -854, -1938,   -13;
  5636, -3592,  4924,  5395, -9235,  1316;
  6932, -5164,  7640,  3446,  -281, -3362;
  9864,  2188, -1912,  6578,   458,  1123;
  3256,   -84,-10476,   681,  2849,   444;
  4084,  -504, -1528, 10355,   780, -3574;
  2620,  -332,-10532,-10034,  -405,  1363;
  9176,  1296,  1604,  5713,   220, -4842;
  6060,  3044, -8124,-13983,  2186,  3161;
  7032, -2492, -6660, -9462, -4422,  9450;
  7736,  -692,  2308, -7235, -6985,  2907;
  5864, -1860,  5312, -4693,  -680,  3197;
  9896, -1976,  2752,  6550, -1582, -3913;
  7708, -1416, -1944,  7505, -1472,  -681;
  9360,   552, -2256,  3619, -2991,  3280;
  3220,    16,-10080,   728,  -838,   655;
  4860,   876, -5920, 24334,  8945, -8066;
  6380,  3324,  3380,-10960,  2426,   103;
  3652,  1588, -3968, -1807, -2049,  -368;
  9276,  2808,  5104, -5895, -3942,   860;
 10460,  1488,  5728,   777,  5395,  -916;
  5324, -1048, -1752, -9266, -3901,   553;
  6192, -3312,  2416, -3820,  -589,  -685;
  6288, -5920,  3996,   573, -1583,  -699;
  7456, -2108,     8, 12289, -2278, -1013;
  6220,   860, -2008,  1240,  -137,  1193;
  4524,  -772, -5868,   887,  1530,  1375;
  4636,   176, -7912,    66,  2534,   378;
  3804,  3084, -6484, 15969,  8033, -9049;
  6088,   472,  1584, -8468, -1665,  1282;
  4920,   136, -2868, -5040,  -838,  1362;
  7500, -2352, -1872,  7143, -3108, -1314;
 20188, -3308, 15831, 10602, 27196,-10204;
  5668, -2200,   804,-17963, -9485,   252;
  7484, -4264,  3620, -1752, -1724,   328;
  8916, -3000,  6684, 11069,  1010, -1448;
  5480, -3712, -4168,  8503, -5603,   -23;
  5452,    76, -6680,  4990,  3398,  1065;
  3712,   136, -9280,   730,  1818,   658;
  3640,  2716, -6856,  9682,  2463, -4174;
  6220,  1768, -3040, -4757, -3966,  -474;
  8832,  5856, -9532,-20656, -8712,  5258;
 11300, -2372,  5344,  1285, -6054, -1331;
 15880, -8388, 15831,  7220, 32687, -5010;
  5668, -2144, -1412, -2847,   486,  2431;
  8008, -3120,  2120, -2064, -1802,   488;
  9112, -5800,  5328,  8552,   325, -2373;
  6696, -4112, -1200,  7406,    31, -2149;
  4448,   680, -4964,  3802,  2015,  1424;
  2988,  -568,-11536,  -950,  2154,   838;
  3600,   340, -4932, 17247,  3942, -6200;
  6332,   580, -3356, -1065,  1921, -1797;
  4748,  1948, -8508,-10566, -2816,  2050;
  6212, -1876,  -384,  -693,  -322,  1747;
  2176,  1876, 15831, -1892, 32687,  7382;
  4076, -1228,  -760, -5379, -3444,  4137;
  4084, -3020,  5548, -6021, -5995,  1192;
  6832, -5176,   204,  3633,   814, -3175;
  5492, -4760,   248,  4376,  -517, -2534;
  3624, -2704, -4280,  5283, -1395,  1645;
  5380,  -780, -3132,  2303,  2446,   990;
  5864,  -548,  -720,  5766,  -667, -1778;
  4536,  -136,-12416,   416,  2295,  -283;
  5240,  -900,   152, -1923,  5307, -1772;
   820, -4208,  6892, -2637, -3368, -2694;
  3116, -4148, -6800, -9527, -3646,  3912;
  1532, -3252, -1188,   913,   378,  -103;
  3604, -2868, -1560, -6041, -2772,  2705;
  5656, -4032,  4020,-11254, -9966,  2992;
  7604, -8428,  7428, 18074, -1350, -6052;
  7336,  -688,  3040, 12567,  1841, -5080;
  3816,  -336, -9460,  4633,  3659,   744;
  4796,   848, -5380,  1540,   925,   644;
  5600,  -412,   268,  8966,  1911, -3677;
  3000,   736, -7500, -4706,  1578,  1042;
  2244,  1088,-12548,-15124,   -86,   818;
  5052, -2044,  7084, 10687, -1325, -4512;
  4628, -3056,  8984,  6695,   109, -3778;
  3084, -1000, -1896,-15596, -7716,   529;
  3672, -1080,  9760,-16906, -1911,  3969;
  6160,  -840,  4408,  1898,  1053,  -130;
  6356, -1572,  5524, 14445, -2581, -1546;
  4256,  1716,  -820,  2802,  -179,  -669;
  2092,  -644, -8608, -1245,  1587,  1105;
  5160,  -872,  -980,  6372,  -601, -2995;
  4900,  -436, -4236, -2270,  2607,   236;
  2304,  -820,-10052, -8316, -3265,   -43;
  3932, -2088,  3120,  5400, -1648, -2437;
  4312, -4772,  6764,  3182,  1983,  -970;
  4348,  -828,    28,-12439, -3136,   504;
  4448, -2672,  1692, -8292, -2261,  2460;
  4052, -6492,  6068,  2943, -3035,   174;
  8424, -1504,  5156,  5940,   318, -3758;
  8084,  3312, -3904,  8878, -2002,   520;
  2824, -1560,  -592,    18,  3166,   705;
  5072, -1192, -6988,   777, -1629, -3129;
  4644,   268,-12952,  -411,  -742,   756;
  4576, -3192, -1064,  3552,  -437, -1213;
  2520,  -476, -8000,-11237, -2113,  1019;
  6864, -4220,  3320,  2683, -1736, -1312;
  5120,  -408,  1656, -7658,  3429,  3247;
  2352, -3260, -3112,-13655, -8415,  2576;
  5552,-11412,  7964, -4971,-10140,  2709;
  6124, -9156,  2860,  8060, -5362, -2461;
  4540, -7768,    32,  8443,   144, -3193;
  3336, -3084, -5428,  2942,   294,  1597;
  3944,   364, -8900,  4314,  1201, -1391;
  6008,  -844,   640, 10058,  -366, -3565;
  3820,  -328, -3580,  4290, -1460,  -375;
  3144,  1620, -3944, -6670, -1309,   300;
  6928, -2572,  1088,  6407,   220, -2774;
  6136,  -180,  -864, -2651,  3132,  1005;
  3072, -3996, 15831,-24643, 32687,  1316;
  4488, -1904,   960,-10562, -2125,  3896;
  7048, -3352,  7568, 11427, -8645,  -772;
  5696, -5332,  7272,  1922, -7036, -4060;
 10332,  6364,  -912,  3997, -1832,  1376;
  5500,   -48, -6788,   858,  1464,  2090;
  5520,  2760, -6316, -6847,  -836,    79;
  5876,  -712, -3272, 13664,   -91, -4768;
  5088,   844, -8332, -3983, -1766,  3186;
  3588, -3068, -4912, -2276, -1453,  -216;
  5768, -1860, -5152, -6012,   -27,   196;
  7872,  2820, -4208,   529,  1814,  1349;
 10444, -2148, 15831, -5597, -1898,  4865;
  4656, -1260,  -572,   544,   -42,   424;
  6172, -2124,  2720,  3068,-12563,  2409;
  8872, -2280,  8144,  6247, -3078,  -611;
  6184,  -444,    60,  8164, -1392, -1915;
  6244, -1900, -2680, -2948,   885,  3453;
  5068,   120, -7348,  1111,  -111,   443;
  5472,  -464, -1868,  7818,  1185, -3057;
  3608,   988, -7852, -5280,  -562,  1294;
  7672,  -936, -2988,  5772, -1054, -2546;
  6208,  -552, -1464, -9690,  -601,  1317;
  5324, -1760, -5148, -7799, -3348,  3817;
  7236,  8536, 15831, 13292, 11175, 12408;
  6200, -2668,  -668, -2298, -3710,   354;
  7640, -4836,  1864,  5427, -4730,  -470;
  8396, -5876,  8080,  5242, -2352, -2032;
  8292,   356,  -972,  9574, -2586, -1250;
  2536, -1020,-11084,  3435,  2637,  -232;
  5672, -1048, -7732,  2509,   138,   282;
   -92,  2072,  5124,  9950, -5390, -5693;
  5676,  2512, -6472,  -752,   753,  -136;
  3984,   -88, -6548,-11692,  -959,  1275;
  7596,   524,  -408, -5490, -1258, -1678;
  7144,    16,  6328, -1568,  4035,   -76;
  8824,  2436,   -64, -2676,  1016,  2116;
  4748, -1840, -2868, -7658, -3631,  3946;
  7812,  -936,   -68,  8011,-10846,   312;
  7872, -1900,  5400,  3391,  -438, -2874;
  8300,   144,   456,  5042,   721,  -882;
  3628,   228, -6496,   863,  -752,   790;
  4140,  -500, -6744,  1579,  -493,   462;
  6140,   -12, -2000,  9492,   130, -3109;
  5328,  -396, -2872,  1252,  2099, -2002;
  4152,  -876, -1676, -6397, -1941,  1028;
  5608,    60, -1872,  -284, -5409,  -858;
  8348,   260,  2892, -2207,   793,   998;
  8616, -1516,  -544, -3123, -1395,  1439;
  5640, -1596,   440, -5063, -4526,  2254;
  6308, -2840,  3656,   -65, -1728,  -254;
  7428, -1276,  3460,  2312,   -94,  -987;
  6984,  1984,  -172,  9002, -3427,  -605;
  4332,  -628, -8660,  1687, -1029,  1671;
  5572,   648, -5012, -1346, -1696,   900;
  6564,  -200, -2088, 14026,  -951, -4569;
  4552,  2084, -4056,   579,  4036,  -836;
  4892,  2164,-11124, -5803,  1193,   546;
  8516,  2564,  8028, -4280, -2362, -1226;
  4020, -2172, -3424, -8379,  6454,  2329;
  8012, -2004,  2704, -1818, -2350,   980;
  6056, -1792,   312, -6908, -1643,  2301;
  8080, -1464,  3964,  4703, -2963,    80;
  8180,  -852,  2744,  -595, -1808,  -531;
  6368,  -164, -3744,  5471,   505, -1697;
  5296,  -824, -4188,  4525,   941,  -960;
  5156,  -500, -4684,  4508,  -231,  -854;
  2832,  1120,-16256, -6392,  2631,  1273;
  8452,  2464, -5612,  2261, -5416, -2540;
  7464,  1672,  -756, -9838, -2959,   709;
  3452, -2904, -3436,-13739,  3098,  5797;
  4432, -1612, -3416,  -983, -1678,   740;
  6956, -1816,   228, -6044, -1007,  2150;
  9160, -2380,  5420,  3038,   241, -2227;
  9072, -2028,  7144,  -545,  2686, -2625;
  6104, -3532, -7148,  5662,   354, -1084;
  4508,   896, -9072,  1557,  1314,   619;
  5960,  -692, -3408, 15321,   218, -5217;
  7544,  2444, -3364,   729, -3368, -1394;
  6408,  1444, -7368, -3972, -7293,   850;
  7564,   276,  1708, -7288, -6387,  1014;
  8720,  1228, -5892, -9010,   424,  3275;
  8124, -1160, -1564,  -433, -1056,   524;
  8256, -1420,  -484, -7577,  1964,  4193;
 10116, -3832,  5104,  1217,  1204, -1477;
  7568, -5704,  1720,  2958,   690, -4023;
  6416,  -996, -2104,  3901,    17,  -305;
  5652,   608, -5792,    45,   706,   318;
  7740,     4, -2440, 15392,  -808, -5340;
  4288,  1228, -5124, -4627,   847,  -455;
  5476,  -268, -3328,  3225, -7686, -1680;
 11108,  1368,  2044, -1578, -6409,   294;
  9036, -1684,   416, -9128,  4337,  4375;
  7568, -1776, -1812, -5840, -2722,  2852;
  7548, -2136, -1172, -3543,   500,  1735;
 10264, -2656,  3352,  3979,   145, -2028;
 11284,  1648,  6976,  9181,   390, -3836;
  8012,  1364, -2064, -1094,  1245,  1479;
  7152,  -832, -3444, -2199,   462,  2017;
  3920,   344, -9048,   408, -1442,  -631;
  4712,  2196,-11652,  1487,   423,   448;
  7204,   164, -4852,  2798, -3696, -2332;
  7124, -1176, -1772,-12146, -1330,  3166;
  6908,   388, -6660, -4040,  2162,  2939;
  6540, -1500,    36, -1607, -1904,   -76;
  8288,  -672,  6120, 10513, 10459,  -347;
  5408, -1480,  2232,  3095, -9766,   266;
  7504, -1996,  4084,  1667, -2563,  -343;
  8896, -4424,   152,  4912,  2640, -2843;
  7860,  5648, -6180,   322, -1724,   405;
  2852, -2536, -7696,  -351,  -885,   672;
  6608,    72, -4064,  3135, -1151, -1108;
  6012,  1864, -5364, 12498,  3559, -5898;
  6396,  2840, -3100, -3992, -4378,   860;
  4972,  1536, -6636,-20907,  -265,  6233;
  6940,  -124, -1028, -3922, -3334,  1369;
  6716,  -872,  -800, -6487,  7425,   366;
  4464,  -848, -2128, -8838, -9927,  3905;
  8524, -1732,  5204, -3872, -3499,  2417;
  8548, -1192,  7072,  4466, -1842, -2923;
  7304,  -724, -1012,  9504, -2740, -2883;
  4844, -2712, -1268,  1811, -2483,   653;
  5572,  -600, -6108, -1477,    60,  1417;
  5724,    88, -7708,  1699, -2037,  -834;
  2516,  1400,-11104, -3312,  2544,  2294;
  7112,   584, -2828,  6959,   -79, -1876;
  7988,   856, -2868, -4251, -2080,    65;
  4332,  2952, -7612,-14083,  5107,  4640;
  9092,  -724,  5016, 10701,  4883, -4529;
  2840,  -596,  -948, -3152,  -225,   564;
  5836, -2152,  3412,-17308,-14339,  2495;
  8692, -1860,  2940,  8047, -3274, -3461;
  8456, -1904,  1184,  3630,  2056,  -446;
  6212, -1416, -4912,  6307, -3156,   566;
  4776,   700, -7456,  3485,  1423, -1026;
  5116,   288, -8188, -2178,  1991,   -99;
  4600,  2308, -9740, -6657,   730,   430;
  5420,  2540, -3620, -1387,  -456, -1121;
  7600,  2596,  -412,  1465,   397,  -411;
  6176,   720, -7136, -3844, -2065,  3306;
 15640,  1588, 15831,-32288, 32687, -2175;
  4040,    92,  -696, -2181,  2233,   384;
  7484, -1272,   368, -9168, -7998,  4462;
  9116, -3940,  5572,  2992, -1602, -1980;
  9104,   188, -1440,  7786,  1931, -2285;
  6076, -2772, -4572,  4833,  -610,  1293;
  5168,  -564, -3228,  1150,  1480,  1116;
  4768,  -436, -5636, -1454,  3908, -1121;
  4592,   916, -8568,  -386, -1978,  1480;
  6376,  3400, -3952,  1627, -1953, -2267;
  5352,  1160, -3256, -6929, -5058,  -754;
  6172, -2544,  -632,-11577, -3270,  5607;
 22376,   672, 15831,  -144, 11700, 10084;
  5244, -1412, -2816,  1041,  3067,  -198;
  6028, -2552, -1884,-10629, -4661,  1445;
  8924, -1912,  5460,  6773, -5984, -2827;
  8432,  1252,  3672,  4654, -2757, -2628;
  7156,   432, -3548,   569,  1181,  1622;
  5596,   152, -8032,  2636,  4553,  -459;
  4972,  -172, -5352,  -526,   918,  -332;
  5472,  1360, -7552,   989,    25,  -620;
  4120, -2116, -3548, -2715, -1166, -1081;
  6716,  2260,  5020,  9291, -9129, -5089;
 10472,  3140, -3856,-15747,  -829,  4700;
  6416, -1984, -2516, -2745, -6394,  4040;
  3468, -6984,  6200,  2311,  3582,    15;
  5724, -1896,  1128, -7444, -3829,  2249;
  8512, -2412,  5508,  -882, -4726,  -634;
  9772,  -688,   536,  8402, -4579, -3718;
  7020, -2248,  1036,  1689,  2064,   788;
  4072,  -292,-10088,  1690,  3111,  -532;
  5932,  -284, -2448,  5229,  1435,   193;
  4644,   408,-11624, -4816,  2076,  1253;
  6384,  1820,  -588,   245, -6101,  -433;
  8500,  1072,  1488, -6189, -2252,   382;
  3508, -3604, -3088, -3825,   238,  4569;
  3896, -1836, -4100,  2811,  3819,    76;
  5532, -1456,    16,  -899, -1352,   505;
  6408, -3168,  3692,  -742,-12845, -1094;
  8416, -1392,  4860,  2935, -1015, -2784;
 12580,  4176,  3296, 10605,     8, -2686;
  4696,  2440, -6816,  -651,  1955,  1648;
  4168,  -828, -8368,  4032,  2894,  -836;
  6860,  -284, -3840, -1194,  1347,  -183;
  7336,  1088, -6852, 13281,  3338, -3360;
  3240,  1200, -9932,  6874,  3498,  -348;
  3924,  2616, -7564, -1080,  -268, -1299;
  6736,  8124,   976,  5948, -2172, -5615;
  3932,  1352, -7876, -7373,  6025,  3027;
  4728,   112, -4352,-10489, -4996,  -606;
  5920, -1900,  1388, -8892, -2697,  2625;
  7928, -2224,  5140,  5845, -4089,  -834;
  9772, -3360,  2860,  5168, -2198, -2862;
  4884, -1396, -6548,  1932, -2921,   794;
  2896,  -300,-10156,   921,  1163,  -773;
  5376,   744, -6676,  -859, -1151,   -35;
  4520,   224, -5432,  4737,   925, -2501;
  6800,  2092, -1284,   -74, -1785,    80;
  3932,   224, -8976,-13148,  1507,  1129;
  7272,  -360, -8036,  8902, -2149,  -231;
 16736, -2020, 15831, -9741, 32687, -3547;
  6836, -1436,  2144,  3247, -8834,  1431;
  9016, -1656,  4104, -2212, -2281,  1085;
  8600,    12,  4216,  9380, -1254, -3729;
  7008,  -940,  -972,  4049, -2960,   698;
  3720,  2324,-12312,  1667,  -526,  -363;
  4976,  -324, -7536, -4469,  -203,  2895;
  7104,   880, -3328, 20609, -1129, -5984;
  5724,   472,   728,  2748,  5090, -2416;
  6560,  2300, -8376,   382, -7498, -1845;
 10504,  2292,   424, -6248, -2198,  2240;
 10720, -3012, 15831,  -505, 32687,   387;
  6364, -1244,  -388,  5628,  6478, -2920;
  6344,  -736,  -128, -5193, -1058,  2716;
  7264, -1584,   512, -2102, -9602,   813;
  8868, -2052,  4580,  4988, -3071, -2502;
  8708,   268,  -796,  6959, -3885,  -629;
  3840,  -676, -7132,  1766,  3697,   177;
  6364,   400, -4264,  3609,   721,  -404;
  7728,   512, -6348,  5400,   926,   987;
  6256,   992, -6224, 18674,  7600, -6604;
  4600,  2136, -4752,  8044,   960,  -782;
  5904,  1368, -5364,-12393, -1876,  1345;
  8612,  2440,  1676, -5432, -6045,  -366;
  9028,  1020, -2716, -9344,   446,  1901;
  7932,  -104,  -160,    55, -1349,  1209;
  8028, -1352, -5584, -4297,  1243,  1618;
  9628, -1696,  6532,  4663,  1135, -1883;
 10416,  -708,  1260,  1053,  -453,  -571;
  6808, -1656, -2600,  5033,   628, -1771;
  5136,  -948, -5424, -1100,  -626,   633;
  7256,  1676, -5548,  3917,  -145,  -878;
  7880,  1336, -3940, 25504,  2662, -7184;
  5376,  2136, -3960, -7246,  2202,  2484;
  5916,  1492, -2844,-11033, -6880,  2308;
 10600,  2772,  3684, -4795, -5601, -1642;
 10084,   540, -2228,-17729,  1548,  6617;
  8032, -1216, -1980,  3874,  -509, -1176;
  7248, -1364, -1904, -1714,    71,   479;
  8852, -2916,  5132, -1887, -1953,   634;
  7064, -4812,  7612,  4778, -1187, -2769;
  7688, -1260, -4316,  1784,  -532,   443;
  5920,   -80, -3664, -1512,  3572,  1145;
  6780,  -372, -5312,  3153, -4968, -1012;
  7984,   388, -1624, 12491,  1192, -4020;
  3032,  1032,-10112, -2370,   633,  3317;
  6124,  1004, -7612, -3893,  -823,  -680;
 10776, -4512,  8044,  4771, -5642, -4857;
  6128,  -244, -9704,-14920,   877,  7448;
 10448, -2224, -5236, -1603,  -733,   786;
  7192,  -936,   172,  1067,  1355, -1121;
  7808, -1300,  2320, -7207, -6103,  2668;
  9408, -2012,  3960,  2133, -3589, -1065;
 10820,  1420,  1444,  5241,  -196, -1798;
  4064,  -404, -1584, -2839,  3342,  1897;
  5680,  -792, -5508,  4530,  2458,  -150;
  4876,   408, -9212, -2225,  -838,  1136;
  6828,   960, -3040, 27555,  1204, -8717;
  6576,   916, -4736, -1605, -2655,   713;
  3624,  2012, -6328, -9928,  -677,  1695;
 10932, -2544,  4420, -1301, -1643, -2061;
  5092, -2048, -2576, -2347,  5598,   533;
  6996, -2104, -2812, -2523, -1981,  1503;
  7436, -1456,  -516, -7043, -1847,  3608;
  7844, -3524,  4948, -7231,  -983,   545;
  9024, -2748,  2552,  6188, -4939, -1244;
  8128, -1996,  -868,  3776, -6947, -1816;
  6768,  -584, -2612,  3383,  3924,  -905;
  7040,   440, -6972,  5560, -1808,  -264;
  5432,   232, -6124,  4406,   294, -2757;
  3988,  1516,-11332,  3625,  1994, -1869;
  5300, -1056,  -700, -4089,  -715,   730;
  8984,  1716, -3508, -6604,   232,  3012;
  7568, -2280, -1160, -4633,  3570,  1646;
  9748,  1284,  2856,  -387,  1761,   745;
  6172,  -552, -1204, -9262, -6479,  1260;
  6652, -2244,    96, -9094, -2553,  1659;
  8932, -3112,  4556,  5943, -3685,  -920;
  9720, -2792,  1936, 11321,  1128, -4096;
  3028,  2592,  1300,  5775, -5195, -1341;
  6140,    48, -1728,   563,  2880,   407;
  3512,  1672, -7816,  2442,  4027,  -785;
  6404,  1052, -2756, 29784,  -976,-10132;
  5856,  1564, -1476, -6811,  1576,  2522;
  5480,  2128,-11236, -1240, -1244,  1039;
  5384,  1536,  -852,  3665, -4734, -2116;
  6556, -4276, -1564,-11532,  1039,  4517;
  8020,   196,   276, -4171, -2250,  1364;
  7264,  -816,   624, -9886, -4184,  2367;
  8172, -3416,  5560,  1697,   -46,  -216;
  8840, -1952,  3380,  1224,   310, -1940;
  9368,  -980,  -224, 11166,  2065, -1647;
  8292,   252, -3216,  2214,   270,   892;
  5512,  -636, -3604,  6479, -3109, -1450;
  6172,  1564,  -764, 28560,  6257, -6097;
  3456,  2280, -8872, -5631,   907,  3137;
  7532,   164, -2084, -1184,  1835, -1028;
  4072, -1072,  -340, -8549, -2995,   517;
 10492,   -72, -4684, -4293, -4537,  3893;
 11080, -2088, -4744, -7613, -4687,  3102;
  7096, -1036, -1644,   444,   443,   242;
  8664, -7736,  7700, -8775, -3684,  2501;
 11848,   492,  5512, 13589, -4094, -3164;
  5656, -2060, -2264, 11373,     2, -2272;
  3608,   820, -1840, -4612,   792,  1637;
  5680,    44, -5048,  4168,  1524, -1464;
  5888,   572, -3052,  9907,   349, -2006;
  2676,  1752, -6216, -1864, -1910,   736;
  8412,  3580, -2076, -3479, -1546,   832;
  2084,   776, -6020,-10090, -1197,  2889;
  6556,   552,-12268,  3758, -4525,  1636;
 29332,  5244, 15831,-17693, 31549, -1226;
  7188,  -736, -2652, -8696, -6734,   -39;
  7452, -3820,  3812, -4054,  -998,  1522;
 10992, -3304,  6392,  9530, -4594,  -982;
 11236, -1532,  -888,  3589, -2530,  -486;
  3632,  -444, -8544,  1398,  1035,   602;
  7512,   496, -2256,  3892,  2631,   979;
  5088,   160, -8420,  1504,  2269,  -500;
  4168,  1284, -9648,  7922,  2581, -3833;
  6416,  3460, -1412, -9600,  -747,  1067;
  4948,  1880, -8876, -4641,  -627,  1571;
 13012,   268, 13224, -6460,   -22,   465;
 19364,  1472,  2848, -1131, -1920,  6073;
  5484, -1744,  -996,   517,   562,  1249;
  7480, -4872,  4556, -1406,  -579,    74;
  8852, -1128,  6024,  7261, -1939, -1149;
  8300,   -20,   292,  7613, -4700, -1231;
  7648,   732, -9204,  6784,  2087,   914;
  6428,   308, -4464,  4784,    42, -1632;
  4904,   108, -6868, 11801,  4532, -1844;
  3076,  1648, -8424, -1545,   318,   253;
  8700,  2064,  -608,   868,  1629, -1386;
  4364, -2692, -2024, -9432, -2646,  1722;
  6764,  1808, -3720,-16330, -2490,  6479;
  2080, -2912, -3668, -1261, -2110,    50;
  5788, -2212,   172, -5377,  -401,  1267;
  7544, -4188,  4708,  -670,  -494,  -110;
  7616, -3252,  3260, 10996, -2686, -1475;
  4128,   944,-11060, 10467,    -1, -2776;
  6616,   932, -4336,  2568,  -335,   158;
  2488,   -60,-10200, -1132,   725,  1009;
  4284,   592,-10132,  5500, -1525, -1969;
  8616,  2244,    -8,  1615, -2534, -1499;
  2344,  2076,-16196, -6010, -2775,  3736;
  6700,    76,  4064, -3928,  -315,   504;
  2800,  2248, 15831,-32288, 32687,  2607;
  5420, -2308, -2536, -7163, -1518,   647;
  8296, -3032,  3712, -3257,  -434,   161;
  8376, -4156,  3644,  8876,   -38, -1326;
 10612,  1060,  1900,  5987, -6250,   230;
  4856, -2100, -9412, 12398,  3547,  -910;
  2964, -1336, -9028,  1264,  -461,    16;
  6524,   216, -1924, 16395,  -857, -5337;
  3628,  -632, -6404, -7348,  -134,   658;
  5876,  -536, -3864, -1920, -1211, -2574;
  8388,  -960,    20,-13756, -2309,  4032;
  7704, -1132,  1772,   158, -3727,  2295;
  5472, -2224,  1868, -7006, -1945,   958;
  4364, -1540, -7120, -9654, -2315,  1463;
  6688, -4156,  2544,  -459,  -276,  -309;
  8044, -1324,  1688,  2867, -1126, -1711;
  5704,  2452, -5624,  7996,   918, -2186;
  6908,  1144, -1744,   415,  -124,  1560;
  4404,  -376, -6416,  -652, -4255,   638;
  8596,  1156,  1084, 14697, -6063, -4324;
  5212,  1364, -5004, -4427,  4082, -2372;
  7432,  2216, -2040, -1259, -8122,   129;
 11612,  1120,  6568,  1728, -1205, -2155;
  2508,  -540, -7748,-10906,  9442,  6422;
  5768, -1488, -2056,   492,   -64,   -64;
  7636,  -564, -1980, -6743,  2234,  4013;
  7380, -2776,  4892,  1489,  -818,  1612;
  6752, -5768,  3712,  2561,  1889, -3568;
  8612,  3396, -3008,  4026,  2658,   267;
  4680, -1260, -5780,  -163,  2112,  1087;
  4152, -1132, -6136,  2546,  3090,     8;
  5388,   600, -5540, 11874, -4283, -3784;
  5304,  2524, -3776,  2781,  -953, -2746;
  4552,   988, -6276, -8483, -5186,  1656;
  8508,  1012, -2552, -3394, -7942,     8;
 10632,  1984, 15444,   839,  4498, -1029;
  5548, -2344,  9228, -3976,  3699,  1458;
  7060,  -956,  1008, -8442,  1873,  2822;
  9508, -3376,  4296,  1661,  1105,  -417;
  6684, -6184,  3392,  1875,   540, -2987;
  5048, -2196, -6484,  4137, -3290,  1905;
  4612,  -120, -5364,   482,  3411,   650;
  3612,  -388, -8652, -2953,  1874,   843;
  5376,   488, -6288, 19849, -5796, -5395;
  6140,   876, -2576, -6254, -1658, -1000;
  4304,  1076, -6732, -7511, -7038,    89;
  7288,   260,   464,  2251,   124, -1909;
  8308,   220,   512,  -599,  1060,  2675;
  6524, -1212,  -404,-10720, -2795,  1044;
  7732, -3300,  4484, -6262,  2477,  1131;
  8924, -3468,  6312,  7042,  3473, -1114;
  3012, -4404,   344, 10108,  2410, -1690;
  2532, -2568, -6572,  6343,  3202, -1013;
  3408,  -700, -9104,  3181,  1362,  -712;
  7200,  1860,  3628, 25890, -7522, -7255;
  7660,  1240, -1452,   785, -2339, -1690;
  4216,  1180, -6208,-10121, -2787,   612;
  8548,  2208,  5564,  9465,  2436, -4624;
  4960,  3132, -2288, -9620,   -30,  5254;
 11052, -1684,  9992, -4184,  7411,   303;
  6396, -1004,  -792, -3755, -1027,  1051;
  9632, -3096,  3996, -7403,   -15,   883;
  8604, -7004,  5748,  4741,   245,   -11;
  7748,   308, -2076,  7535, -1258,   210;
  3400, -2860, -6572,  -792,  3416,  1234;
  2884, -1620, -7672,  2478,  1778,   236;
  4140,   172, -9872,  7414, -5740, -2337;
  7360,   100,  1636,  2428, -1811, -1413;
  6244, -3276, -6704,-12104, -6479,  3531;
  9560, -2680, -1900,  2105, -2324,   245;
 13688,  -708,   152,  1191, -6175,  6337;
  6352, -1316,  -608,  -624,  1203,  2160;
  7284, -3104,  3072,-16464, -5536,  3656;
  8308,  -880,  3480,  -751, -1850,  1363;
  3900, -4172,  -164,  3750,  5170,  -978;
  4760, -2428, -6404,  5356,  3445,  1044;
  2448, -2336, -6320,   969,  3090,   198;
  4368,  -112, -5144, -1175, -2234,   -40;
  3308,  -892,-11376, -2322, -1188,  1450;
  5604, -1760,  -680,  8500,  4951, -4176;
  4128, -1288, -3120, -6445, -3321,   671;
  7192,  3872, -6688, -7715, -2815,  1022;
  6216, -2136,  2092,   231,  -641,  1509;
  5060, -4064,  -744, -1463, -3754,  4180;
  5500, -3176,  -992, -4870,  -751,  1740;
  6840, -6256,  4928, -5655, -2022,  2183;
  8316, -9780,  7580,  9288,  -399,  -701;
  4672, -2236, -3784,  8727,  2390,  -588;
  5164, -1160,  -136,  1775,  3668,  1188;
  1848,  -260, -8592,  4623,  2467, -1578;
  3460,   -64, -6580,  7630, -3517, -3006;
  2664,  1352, -8124, -7368, -3083,   735;
  6276,  1136, -4992, -9423, -4777,  3601;
 12688,  -428,  8208,  2710,  -715, -2573;
 -4080, -3628, 15831,-32288, 28023,  1671;
  5400, -2100, -1920,  4249,  2204,  -846;
  6744, -1760,  6456,-18020, -3505,  5586;
  8104, -3796,  5168,  3696,   446,   856;
  6232, -5460,  -712,  3625,  7261, -1822;
  3312, -1776, -5908, 10155,  1978, -1359;
  3300,   456, -7892,  1606,   884,    67;
  4292,  -688, -3228,  2152, -6081,  -983;
  2228,  2760,-11780,  3140, -2965,  -486;
  3332,  -872, -8136, -6940,  -867,   587;
  7724,   428,  2028,-12712,  4205,  2773;
  4852, -2360,  9672,  3175,  2341, -2270;
  5904, -1720,  -552, -9226, -4655,  4577;
  3952, -2992,  1204, -1418, -1285,   407;
  6116, -3948,  4784,-10107, -2626,  1623;
  7260, -2772,  5776, 12559, -2093, -3558;
  5144, -7428, -1148,  7126,  1614, -2868;
  4676,  -664, -3368,  4980,  2096,  -462;
  3704,  1012, -8392, -6009,  2288,   684;
  4324,  -644, -4384, 13500, -7600, -4620;
  5240, -1360,  -612,  5181,  -636, -1445;
  3912,  -660, -7568,  1873, -8629, -1394;
  5388, -2584, -3052,-15385, -5789,  2591;
  7644, -1308, -5092,   363, -1501,   754;
  6908, -1080,   576,-11836, -5315,  2349;
  5136,  -516,-10808, -4941, -3631,  1830;
  7676, -4968,  2060, -1342,  1264,  -232;
  6204, -8896,  2352, -1207,  7091, -3151;
  5936, -3080, -1980,  1502,  1283,  2592;
  2132,  -208, -9436,  2283,  1200,     1;
  4612,  -416,  1252, 11647, -1299, -4669;
  2924, -3120, -2284,  1076, -1715,  -517;
  5932,  -208, -5104, -3704, -1650, -1388;
  4324, -3096, 10864,  -469, -5919, -2483;
  5780,  -988, -1820, -5352, -1064,  3576;
 10020, -2860, -6688, -8414, -2331,  5834;
  5012, -2844,  -680,-10556, -1665,  2377;
  6820, -7476,  3908,  2973, -1326,   633;
  4860, -5312,   948,   441,   171, -1445;
  7548, -5104, -4816,  5709,  5328, -3022;
  1936, -1932, -6800,  2194,  1688,   -43;
  3900,  -480, -5588,  -293,   524,    81;
  3800,   204, -9876,  3647,   -77,  -843;
  5724,  -472,  1056,  2516, -5182, -3029;
  4176, -2812,  -500,-10265, -6380,  5485;
  7348,   -76, -2036, -1563, -3970,   252;
  5472, -4824,  1184, -7375, -3098,  1832;
  6376, -2272,   476,  -279,    66,  -610;
  6960, -2156, -5272, -1348, -2563,  1103;
  7480, -3020,  6276,  8388, -2749,  -977;
  5972, -4252,   652,  4655,  1583,  -206;
  1328, -3304,-11080,  3519,  4269,  -524;
  4592,  -364, -4588, -2023,  1888,  1141;
  4648,  -104, -7672,  9254, -5922, -2932;
  4236, -3288,  -944, -4653, -3056,  -767;
  7964,  -268, -5876, -3424, -5539,  1307;
  9476,  1608,  4644, -5064,   572,  2332;
 24044, -2356,  7236, -3551, -8302, 11474;
  5904, -2592,  -640,  5024,  3546,  -579;
  5804, -4236,  3244,   808, -5346,  -567;
  8660, -3620,  7044,  4735,  -769, -1006;
  5020, -3788,  2724, 11099,  1129, -4232;
  4912,   628, -8224,  5374, -1130,  1184;
  3224,  -352, -9136,  -793,  1086,   137;
  5844,   -60, -1636, 12549,   331, -4262;
  3876,  3348, -4688, -8986,  -934,   997;
  5120,   924, -2516, -7726, -6514,   886;
  6160,  1892,  5648,  3319, -3189, -2975;
  7856, -1616,   140, -8702,  2271,  3952;
  7784, -2060,   216,    -3,  1954,   189;
  5920, -1944,  -324,   166,    -8,  -874;
  7948, -3456,  4764, -3015, -1730,  3305;
  8340, -5040,  2888,  7901,  1257, -2598;
  5260,   616,  1816,  4551,  2103, -2040;
  4116, -1984, -5560, -4436,  5243,  2294;
  4672,  -636, -6228,   841,  -980,  -104;
  6056,  -436, -9176,  4509,  -970, -1567;
  3864,  2060, -3472, -1594,   479, -1442;
  3328, -1716, -4268, -5459, -5996,  2107;
  6548, -1468,  2916, -1026,   405,   753;
  7280,  -976, 15831,  -167, 32322,  1780;
  5112,  -952,   712,  2021,  2406,   542;
  8892,  2284, -3716, -2525, -6003,  5381;
  8372,  -732,  5012,  5678, -1351, -3150;
  7988,  -200, -2264, 10983,  -956, -3590;
  1936, -2372, -5996,  1800,  2759,   424;
  3156,  -496, -5696,  -575,  1034,  -752;
  3996,  1364, -2036, 23308, -2686, -6827;
  3496,  3532, -5964, -2986, -1472,  -367;
  7304,  3332, -1816, -4879, -8731,   953;
 11928,  -120,   188, -2314, -5846,   559;
  6260, -2132,   216,-10446, -5960,  8153;
  6108, -1676,    16, -2815,  1455,   610;
  7012, -4124,  5328,   149,  1556,  2007;
  6088, -3064,  3880,  2174,  2542, -1473;
  6060, -2564,  -756,  2918,  3211,   371;
  1796,  -760, -4312,  7294,  1547, -1187;
  1940,  -800, -9196, -3408,  2561,   224;
  2976,  1048, -1504, 11144, -4082, -4551;
  4016,   676, -2660,  1231, -2067, -1154;
  4300, -2164, -8772, -9681, -6410,   716;
  6384,  2512,-11972, 11220,  1883, -2469;
  5324, -1732,  6376,  3541, -1330, -1403;
  5576, -1300,  -868, -3870, -2957,  2784;
  6572, -2828,  3188, -6180, -3782,  4281;
  7292, -3900,  8444,  1434,   611,   377;
  5408, -2060,   504,  7393,  1530,   356;
  4416,   504, -6240, 11169,  -845,   201;
  3432,  -116, -5036,  3297,  4154,  -293;
  3072,  -216, -1304, 10013,  1676, -2246;
  2024,  2036, -7012,  1621, -2744,  -470;
  2760,  -372, -3996,  3659, -3228, -3312;
  8052,  1436,  3176, -6864,-10222, -1564;
  9064, -1672, -5576, -4247,  -690,  1060;
   372, -2596,  -232, -1127,-10736,  -790;
  6460, -2648,   -48, -5675,  -764,  1783;
  7556, -1460,  2236,  1877,  3315,    34;
  6816, -6308,  4592,  5588,   940,  -607;
  5640, -4188,  -792, 10562,  2497,   174;
  3672,    28, -5560,  6209,  3400,  -309;
  1216,  -400, -8220,  -180,  3031,   207;
  4944,  -152, -1256,  9498, -6318, -3644;
  2660, -1384, -5252,  1848, -2326,  -372;
  2672, -1468,-10292,  3217, -5105, -2914;
  9872,  -988,    44, -4507, -5235,  -877;
  7660, -1732,  3368,  9944,   469, -1800;
  2516, -1260,  -628, -2070,  -177,  -982;
  6480, -2400,   304,-12698, -2273,  2011;
  8824, -3872,  5048,  1442,  2366,  -254;
  8124,     0,  4700, 11412,   400,  -296;
  4672, -1172, -6904,  4491,  2168,   467;
  5920,   568, -2672,  5996,   104,  -940;
  3608,    56, -6336, -1465,  1745,  1186;
  3316,   404, -9556, 15846, -7365, -5807;
  7580,  2944, -5160, -2012, -2832, -1288;
  3588,  1424, -5940, -9998, -5880,   396;
 10488,  -572, -4880,  2255,   189, -1054;
 18572, -1688, 15831,-12155, -1165,  7040;
  6404, -1544,   260,  3081,  7313, -1376;
  9044, -2480, -1696,  1461,   317,  1614;
  6828, -1280,   -36,  2645,    83,  -136;
  5588, -1432,   296,  5067,  4128, -1029;
  5992,  -840,   936,  5859, -2326,   604;
  1968,   320, -9924,  1754,  3504,   381;
  4212,  -540,  4660, 13111, -1112, -5583;
  3780,  1732, -7368,  3624, -1144,  -680;
  6008,  3472, -6528,   950, -5846, -1112;
  3316,  3332, -5268, -4286, -3996,   507;
  7068, -4128,  -260, -6290, -2264,  4626;
  6500,  -968, -1676,  -650, -7928,  1544;
  6536, -4896,  4896, -3526, -1564,  2267;
  8144, -2732,  1564,  3479,  4831, -1640;
  6396, -4336,   404,  2923,  1615,   501;
  2732, -2016, -3144,  6715, -2819,   827;
  3984, -1436, -5200,  4332,  -893,   493;
  4136,  -880, -5964, -1557, -1379,  -169;
  5128,  -152,  -708,  9771,    95, -2880;
  3520,   160, -5088, -4630, -1515,   887;
  5100,    68, -2576,  6502,  -668, -2412;
  8640, -1380,  9116,-11551, -3183,  1007;
  7012, -2156, -2236,-11627, -2068,  4422;
 14400,  -276, 15831, -7425, 17662,  4158;
  5664, -2116,  4592,-12448,  5676,  7422;
  8872, -1900,  1792, -2300,  -183,  1197;
  6644, -3188,  3184,  6085,  3968, -2358;
  6516,  -152,  2572,  7333,  -184,   936;
  3700, -1272, -8848,  3773,  -676,  1287;
  4564,  -308, -3284,  1342, -1081,  -261;
  4476,   688, -7520,  5757,  1602, -1933;
  3376,  1820, -7676, -4373, -4309,   111;
  5828, -1304,  5208,  4333, -8334, -3515;
  7616,  -716, -1264, -4278, -4004,  2150;
 14656, -6268, 15831,-11506, 32687,  5258;
  5932, -2352, -1592, -1215,  3418,  4155;
  6716, -3232,  2596,   543,   149,   294;
  7844, -2448,  3404,  4851,  1109, -1049;
  6872,    32, -2244,  9146,  3480,  -118;
  3972, -3600,  1392,  4613,  -384,  1151;
  4244,  -324, -3628,   837,  1191,   889;
  3232,  -744, -1440, 10945,  -242, -3814;
  2636,  1120, -7468,  2256, -1177,  -818;
  3464, -1552, -4972, 11022, -5044, -4187;
  7632, -2748,  3692, -2665, -3024, -1269;
  7276, -1888,  1000,-14840,  4192,  7191;
  5560, -1408,  2848, 10750,  3338, -5093;
  5364, -2016,   -84, -8630, -1915,  3328;
  7800, -5764,  8392,   811, -3256,  1107;
  8896, -5212,  2200,  5603,  -427,  -498;
  4504, -2836, -2540,  8125,  2968,  1005;
  5532, -1580, -2200,  6949, -1389,  1144;
  4308,   184, -5756,  5497,  2588, -1792;
  3800,  -344, -2896,  7782, -1949, -2577;
  2804,  -524, -7512, -4393, -3855,   301;
  7524, -3148,  3452,  7100,    37, -4403;
  2696, -9668, -8676, -5043, -1546,  3413;
 10848, -1384, -7440,  6091, -2966, -1465;
 10400, -2236, 15831,  -212, 32687,  2137;
  6260, -1880, -1452,   977,  2999,  -136;
  8828, -4680,  7820, -9668, -1919,  5339;
  9036, -6368,  6172,  8395,  1785,  -879;
  5992, -2188,  -144,  7993,  -195,   296;
  5824,    40, -1696,  7080,  1459,  -537;
  3848, -1280, -7060,  2521,  3435,  -599;
   796,  3376,   756,  8836, -8775, -4931;
  4420,  -936, -6492, -6192, -1844,   374;
  7556,  3092, -4232, -4464, -1020,   432;
 10432, -2776,  -868,  -983, -3341, -1576;
  8232, -2328, -4884, -5433,  1493,  3352;
  6464, -2500,  1576,-15407, -8281,  2088;
  6900, -3512,   392, -9103, -1559,  3871;
 10236, -5704,  5076,  1598,  2874,   411;
  6444, -1776,   244, 10511,  3476,  -879;
  5580,  -940,  3144,  9485,  -172, -1765;
  2736,  -744, -8388,  1660,  1705,  -364;
  4516,  -596,  -596,  8994, -1018, -2716;
  2012,   152, -7532, -4730, -2302,  1106;
  7448,  -356, -1052,   124,  -977, -2990;
  4376, -4476,  2772,  8177, -6851, -3011;
  4732,   956, -6076, -1070, -3751,  3950;
  6612, -2760, -1232, -7414, -6228,  4545;
  6992, -3524,   496, -9652, -2090,  3588;
  9404, -4328,  2692,  5553,   603, -2559;
  7656, -5836,   740,  8973,  2524, -4422;
  8984,   432,  2592, 12859,  -768,  -411;
  2292,  -676, -8060,  5732,  -455,  -317;
  7084,  -424, -1528, 16835, -1064, -4825;
  2936,  1036,-10528, -4539, -2684,   992;
  7340,  2520, -1592,  1418,  -997, -4045;
  7776, -3392,  7172,  3047, -4808,  -400;
 15984, -2200, 15831,-14696, -4359,  8742;
  7688, -2412, -1480, -8384,  6590,  4231;
  9440, -1976,  5884,  3003,   366,  1502;
  8160, -1972,  3832,  3877,  2596, -2109;
  7824,  -392,   608, 11546,  1822, -1306;
  3440,  -648, -7156, -4196,  3720,  2378;
  5792,     0, -2724, 19181, -9099, -6276;
  6164,    36, -7276,  -530, -6694, -1641;
  6072,  -556, -4028, -5072, -7854,  1299;
 10600,   128,  5356,  5683,  3006, -1868;
  6124, -1360, -4676, -5515, -8296,  6067;
  8464, -2712,  -120,-12747, -3167,  6662;
 10384, -4260,  4236,  -446,  1457, -1080;
  7724, -2992,  4740,  7539,  3695, -3408;
  5388, -1836, -2332,  4808,  2123,  -602;
  4588,   752, -6376,   297,  1360,  -837;
  5020,  1020, -3064, 14793, -6882, -4667;
  3856,  1692, -7396, -3619, -3207,  -485;
  5356,  2156,-14548, -7987, -4714,  2573;
  5712,  -528,  3520,  6060,   716, -2493;
  7256,  -636, -2584,   312,  7500,  1376;
  7568,  -752,  -788, -1807,  -566,   746;
  7208, -3188,  1316,-23306,  1572,  7805;
  9048, -5036,  2972,   870,  2488,   146;
  8536, -3276, -1876,  7986, -1365, -1269;
  4080, -2364, -4584,  3815,  3358,  -603;
 -1560, -8148, -9608,-21685,  9268,   420;
   236, -1560,-10940, -9285,  6120, -4247;
  1248,  1552, 15832, -8443,  8934,  1324;
  7300,  4108,  7320,-12707,  2151,  3186;
  8740,  2044,   684, -5647,  2244,   538;
  4920,   216, -2756, -3588,  5799,   752;
  2780, -1652, -4076, -3430,   776, -1552;
  3700, -3756, -2980, -4785, -4653,  -473;
  7072, -2340, 11648,  4623, -8643, -2767;
  6736, -2804,  1456,  4337,-17261,  4606;
  5516, -4768, -1516, -6027,  5874,   390;
  8832, -2216,  3788, 17134, -1218, -3360;
  3216, -6096,  -540,  5830,  2143, -2142;
  3968,  1132,-10600,  4934,  3469, -1182;
  5020, -1104, -1372,  2149,  -200,  -622;
  3268,  2144,-10624, -9944, -4689,  2861;
  3404,  -216, -7880, -9148, -8801,  -927;
  8356, -6044, -7308, -3288,   127,  2645;
 15136, -6600, 15831, -7939, 27669,  3296;
  5912, -2788,  -204, -5031,  3083,  2293;
  8856, -6628,  8464, -1984, -2215,  2357;
  8236, -4296,  4920, 13011,  1887, -3819;
  3372, -3220,-10592,  3419,  5898,  -600;
  3216, -1324, -6768,  1556,  1576,  -199;
  4336,    68, -7760, 10778, -2765, -3955;
  4440,   664, -5112, -4463, -4030, -1140;
  8300,  1020, -2376, -8232, -7249,  1052;
  7136, -1016,  -760,   905, -4465, -1443;
  2836, -1796, -2380, -4959,  -880,  1339;
  7644, -3180,  1880,-10797, -3966,  4886;
  7572, -5536,  1884,  2423,  2128,   481;
  5268, -6048,  4420,  7968,  3070, -1493;
  1656, -4620, -4704,  3370,  3358,   295;
  3712,  -656, -5320,  -461,  1953,  -353;
  4208,    92, -6784,  9868,-13224, -2913;
  6384, -1672,  1668,  3638, -8622, -3902;
  5624,   552, -1720, -5443, -4134,  1218;
 15824,  -500, 15831,-19781, 32687,  7242;
  6208, -2140, -2360,-11057,  5752,  6215;
  7028, -6756,  4964,  1730,  -538,   835;
  6832, -4140, -1928,  4538,   645, -1738;
  5828, -5324, -4208,  6957,  3065, -1201;
  5060,  -460, -3672,  2490,  -922,   472;
  5372,  -104, -2348,  6185, -6504,  -116;
  5176,  -768, -1636,  1781,   -41,  -871;
  2480,    -8,-11496,  7488,  -367, -5128;
  5320,  2128, -4288,  -778, -3558, -3374;
  4952, -1504, -2476,-11559, -3780,  2892;
  8976, -1872,  9248,-11901,-10440,  6006;
  6520, -2244,    80, -8911,  1184,  4318;
  8384, -4396,  5496,  1921,  -214,  -104;
  6148, -3516, -2792,  8109,  4034, -2882;
  4144, -3360, -5968, 10065,  2689,  -613;
  2800,    -8, -5592,  3485,  1276,   -36;
  4708,    40,  -980, 14278,  -727, -4443;
  5344,   648, -3624,  -365, -2590, -2151;
  3248,  1648, -8588,-10529, -9256,  -498;
  7728,  2436,  4908,  7036,  1691, -4476;
 13600, -1800, 15831,-16533, 32687,  2399;
  7532, -2824,    28, -7455,  4534,  3576;
  8896, -6384,  8120, -1345,  2278,  1337;
  6944, -2108,   388,  2367,  2972,  -716;
 10784,  6832,  3124, 15206,  3773, -1629;
  3756,   304, -7632,  1964,  2798,   102;
  4964,  -652, -3588, 20485, -1160, -6675;
  4744,  -100,-10124, -8449,    78,  2535;
  5888, -2384,-10568, -8237, -1210,   -96;
  5692, -3616,  6156, -1823, -7535,  1274;
  6420,  -748, -2496,-14901, -7999,  1932;
  6120, -3340,   376,-14474, -2417,  5839;
  7492, -3688,  3244,  7327, -1291,  -905;
  6808, -2824,  3248,  8290,  3419, -3978;
  7104,  4164, -3608, 14730,   518, -1184;
  3152,  -472, -7544,  8838, -2132,  -415;
  4232,  1464, -7696,  8354, -2667, -2571;
  6188,  2724, -3384, -8224, -3842,   212;
  5844, -1588, -7812, -5188, -9517,  1151;
 12616,  1852,  6448,  5460, -6227,  -398;
  9732,   160,  1996,-18295,  4477,  5633;
  7728, -2856,  3140, -7178,  3052,  3084;
  7016, -3460,   832,  2831,  3283,  -983;
  1568, -3096, -1656,  6180,  4372, -2313;
  4088,    32, -6944,   756, -2205,  1673;
  5952,     4, -2412, 22280, -1235, -7069;
  4144,   768, -5300,-10685, -4992,  1652;
  8388,   -32, -2120, -1837, -3803, -3599;
 10768,   536, 15831, -5191, -8924,  -537;
  6288, -1292,  -628, -5593, -2022,  2802;
  5828, -1536, -5040, -3742,  3474,   264;
  5668, -4836,  1688,  2613,  6804, -1787;
  6316,  1384,  2328,  4625,  5563,   850;
  6404, -1248, -1336,  6659, -2457,  -255;
